{
  "spider": "./1694435460.txt",
  "lives": [
    {
      "group": "redirect",
      "channels": [
        {
          "name": "live",
          "urls": [
            "proxy://do=live&type=txt&ext=aHR0cDovL2l0dmJveC5jYy90dmJveC96aGliby8xLnR4dA=="
          ]
        }
      ]
    }
  ],
  "warningText": "接口由公众号【云星日记】免费提供",
  "wallpaper": "http://maoyingshi.cc/api.php",
  "sites": [
    {
      "key": "js豆瓣",
      "name": "🐼豆瓣推荐 |Q群：582874559",
      "type": 3,
      "api": "./lib/drpy2.min.js",
      "ext": "./lib/douban.js"
    },
    {
      "key": "csp_77",
      "name": "👒七七App",
      "type": 3,
      "api": "csp_Kunyu77",
      "searchable": 1,
      "quickSearch": 1,
      "filterable": 1
    },
    {
      "key": "荐片",
      "name": "💁🏻‍♂️荐片磁力",
      "type": 3,
      "playerType": 1,
      "api": "./lib/drpy2.min.js",
      "ext": "./lib/荐片.js",
      "searchable": 1,
      "quickSearch": 1,
      "filterable": 1
    },
    {
      "key": "直播转点播1",
      "name": "📡电视直播",
      "type": 3,
      "api": "./lib/直播转点播.js",
      "ext": "./lib/直播.txt"
    },
    {
      "key": "csp_BLSGod",
      "name": "🧲80S影视",
      "type": 3,
      "api": "csp_BLSGod",
      "playerType": 1,
      "searchable": 1,
      "quickSearch": 1,
      "filterable": 1,
      "jar": "./lib/Hk.jar;md5;566e51fb1be76de5f1de4f6b6cdb1a65"
    },
    {
      "key": "csp_KubaCL",
      "name": "🧲酷吧电影(磁)",
      "type": 3,
      "api": "csp_KubaCL",
      "playerType": 1,
      "searchable": 1,
      "quickSearch": 1,
      "filterable": 1,
      "jar": "./lib/Hk.jar;md5;566e51fb1be76de5f1de4f6b6cdb1a65"
    },
    {
      "key": "csp_appys_如意4K",
      "name": "🪄如意4K影视",
      "type": 3,
      "api": "csp_AppYsV2",
      "searchable": 1,
      "quickSearch": 1,
      "filterable": 1,
      "ext": "http://cms.maoyingshi.cc/api.php/app/"
    },
    {
      "key": "恐怖世界",
      "name": "💟恐怖世界",
      "type": 3,
      "api": "csp_XBPQ",
      "searchable": 1,
      "quickSearch": 1,
      "filterable": 1,
      "ext": {
        "链接": "/vodplay/+/voddetail/&&.html+-1-1.html",
        "播放数组": "<ul class=\"content_playlist list_scroll clearfix\">&&</ul>",
        "播放标题": ">&&</a>",
        "播放列表": "<li&&/li>",
        "播放链接": "href=\"&&\"",
        "分类": "恐怖片$1#恐怖电视剧$2#恐怖动漫$21",
        "分类url": "https://www.840f.com/vodshow/{cateId}-{area}-{by}-{class}-{lang}----{catePg}---{year}.html;;mal"
      }
    },
    {
      "key": "贱贱",
      "name": "🐭贱贱p2p",
      "type": 3,
      "playerType": "1",
      "api": "./lib/drpy1.min.js",
      "ext": "./lib/jp.js"
    },
    {
      "key": "迷你库",
      "name": "米粒🔐APP",
      "type": 3,
      "api": "csp_AppYsV2",
      "searchable": 1,
      "changeable": 1,
      "ext": "http://www.miniku.cc/xgapp.php/v1/"
    },
    {
      "key": "迪迪",
      "name": "😎迪迪影视",
      "api": "csp_AppYsV2",
      "type": 3,
      "filterable": 1,
      "quickSearch": 1,
      "searchable": 1,
      "ext": "https://api123.adys.app/xgapp.php/v3/"
    },
    {
      "key": "虎牙",
      "name": "🐯虎牙采集",
      "type": 1,
      "api": "https://www.huyaapi.com/api.php/provide/vod/from/hym3u8",
      "searchable": 1,
      "quickSearch": 1,
      "categories": [
        "内地剧",
        "动作片",
        "科幻片",
        "战争片",
        "喜剧片",
        "爱情片",
        "恐怖片",
        "犯罪片",
        "剧情片",
        "冒险片",
        "记录片",
        "韩剧",
        "香港剧",
        "台湾剧",
        "欧美剧",
        "日剧",
        "马泰剧",
        "体育赛事",
        "综艺",
        "动画片",
        "中国动漫",
        "日本动漫",
        "欧美动漫"
      ]
    },
    {
      "key": "火狐",
      "name": "🦊茶杯狐",
      "type": 1,
      "api": "https://hhzyapi.com/api.php/provide/vod/",
      "searchable": 1,
      "quickSearch": 0,
      "filterable": 1,
      "categories": [
        "内地剧",
        "动作片",
        "科幻片",
        "战争片",
        "喜剧片",
        "爱情片",
        "恐怖片",
        "犯罪片",
        "剧情片",
        "冒险片",
        "记录片",
        "韩剧",
        "香港剧",
        "台湾剧",
        "欧美剧",
        "日剧",
        "马泰剧",
        "体育赛事",
        "综艺",
        "动画片",
        "中国动漫",
        "日本动漫",
        "欧美动漫"
      ]
    },
    {
      "key": "csp_AppMr",
      "name": "👻明明App",
      "type": 3,
      "api": "csp_AppMr",
      "searchable": 1,
      "quickSearch": 1,
      "changeable": 1
    },
    {
      "key": "csp_Xinsj",
      "name": "🐼视觉直连",
      "type": 3,
      "api": "csp_Xinsj",
      "searchable": 1,
      "quickSearch": 1,
      "changeable": 1,
      "ext": "https://www.6080yy3.com/"
    },
    {
      "key": "csp_fantuan",
      "name": "🍙饭团直连",
      "type": 3,
      "api": "csp_Fantuan",
      "searchable": 1,
      "quickSearch": 1,
      "changeable": 1,
      "ext": "https://www.fantuan3.com"
    },
    {
      "key": "csp_Cokemv",
      "name": "📕可乐直连",
      "type": 3,
      "api": "csp_Cokemv",
      "playerType": 2,
      "searchable": 1,
      "quickSearch": 1,
      "changeable": 1
    },
    {
      "key": "Czsapp",
      "name": "🏭厂长影视",
      "type": "3",
      "api": "csp_Czsapp",
      "searchable": "1",
      "quickSearch": "1",
      "filterable": "1"
    },
    {
      "key": "csp_MeiJu69",
      "name": "🗽六九美剧",
      "type": 3,
      "api": "csp_AppYsV2",
      "searchable": 1,
      "quickSearch": 1,
      "filterable": 1,
      "ext": "https://www.69mj.com/xgapp.php/v2/"
    },
    {
      "key": "Kuaikan",
      "name": "👀快看影视",
      "type": 3,
      "api": "csp_Kuaikan",
      "searchable": 1,
      "quickSearch": 1,
      "filterable": 1
    },
    {
      "key": "YQK_spider",
      "name": "🙆一起电视",
      "api": "csp_YQKAPP",
      "type": 3,
      "filterable": 1,
      "playerType": 2,
      "quickSearch": 1,
      "searchable": 1,
      "ext": "https://hk-api-cf.yqk5659.com"
    },
    {
      "key": "csp_DiDuan",
      "name": "⏮️低端影视",
      "type": 3,
      "api": "csp_Ddrk",
      "click": "ddys.tv;#vjsp > button",
      "searchable": 1,
      "quickSearch": 1,
      "filterable": 0
    },
    {
      "key": "csp_XBPQ秋霞影视",
      "name": "️🍂秋霞影视",
      "type": 3,
      "api": "csp_XBPQ",
      "searchable": 1,
      "quickSearch": 1,
      "filterable": 0,
      "ext": {
        "分类": "电影$1#连续剧$2#动漫$4#综艺$3",
        "分类url": "https://www.qiuxia360.com/vodshow/{cateId}-{area}-{by}-{class}-----{catePg}---{year}.html;;val",
        "跳转播放链接": "https://www.jfxz689.com/?url=+vod_class*url\":\"&&\"+&tm=+\"tm\":&&,+&key=+\"key\"*\"&&\"",
        "二次跳转播放链接": "https://www.jfxz689.com/API.php;post;url=+\"url\"*\"&&\"+&time=+\"time\"*\"&&\"+&key=+\"key\"*\"&&\"",
        "三次跳转播放链接": "\"url\"*\"&&\""
      }
    },
    {
      "key": "csp_Auete",
      "name": "🏝Aue 影视",
      "type": 3,
      "api": "csp_Auete",
      "searchable": 1,
      "quickSearch": 1,
      "filterable": 1
    },
    {
      "key": "小艺",
      "name": "🗯️小艺APP",
      "type": 3,
      "api": "csp_AppYsV2",
      "searchable": 1,
      "quickSearch": 1,
      "filterable": 1,
      "ext": "https://lg.tvcms.top/api.php/app/"
    },
    {
      "key": "在线之家",
      "name": "🎞在线之家",
      "type": 3,
      "api": "csp_Zxzj",
      "searchable": 1,
      "quickSearch": 1,
      "filterable": 1,
      "ext": "https://www.zxzjhd.com/"
    },
    {
      "key": "圣城影视",
      "name": "🐛圣城影视",
      "type": 3,
      "api": "csp_XBPQ",
      "playerType": "1",
      "ext": "./lib/圣城影视xbpq.json"
    },
    {
      "key": "csp_SP360",
      "name": "💘360〔SP〕",
      "type": 3,
      "api": "csp_XBPQ",
      "searchable": 1,
      "quickSearch": 1,
      "filterable": 1,
      "ext": "./lib/360影视.json"
    },
    {
      "key": "teng",
      "name": "🐧腾讯〔SP〕",
      "type": 3,
      "api": "csp_Qtv",
      "searchable": 1,
      "quickSearch": 1,
      "filterable": 1
    },
    {
      "key": "MGT",
      "name": "🍋芒果〔SP〕",
      "type": 3,
      "api": "csp_Mtv",
      "searchable": 1,
      "quickSearch": 1,
      "filterable": 1
    },
    {
      "key": "csp_Anime1",
      "name": "🐾日本动漫动漫",
      "type": 3,
      "api": "csp_Anime1",
      "playerType": 2,
      "searchable": 1,
      "quickSearch": 1,
      "filterable": 1
    },
    {
      "key": "csp_XBiu233动漫",
      "name": "🦁233动漫",
      "type": 3,
      "api": "csp_XBiu",
      "ext": "https://www.233dm.cc/show/{cateId}--------{catePg}---.html"
    },
    {
      "key": "csp_Ysj",
      "name": "🐲异界动漫",
      "type": 3,
      "api": "csp_Ysj",
      "searchable": 1,
      "quickSearch": 1,
      "filterable": 1
    },
    {
      "key": "Dm84",
      "name": " 🦸动漫巴士",
      "type": 3,
      "api": "csp_Dm84",
      "searchable": 1,
      "quickSearch": 1,
      "filterable": 1
    },
    {
      "key": "csp_Ying",
      "name": "🌸樱花动漫",
      "type": 3,
      "api": "csp_Ying",
      "searchable": 1,
      "quickSearch": 1,
      "filterable": 1
    },
    {
      "key": "有声小说js",
      "name": "🎧有声小说",
      "type": 3,
      "api": "./lib/drpy1.min.js",
      "ext": "./lib/有声小说吧.js",
      "searchable": 0,
      "quickSearch": 0,
      "changeable": 0
    },
    {
      "key": "csp_Yj1211",
      "name": "📱游戏直播〔SP〕",
      "type": 3,
      "api": "csp_Yj1211",
      "searchable": 1,
      "quickSearch": 1,
      "filterable": 1
    },
    {
      "key": "csp_XPath_企鹅体育",
      "name": "🐧企鹅体育",
      "type": 3,
      "api": "csp_XPath",
      "searchable": 0,
      "quickSearch": 0,
      "filterable": 0,
      "ext": "./lib/企鹅直播.json"
    },
    {
      "key": "88js",
      "name": "⚽ 88看球",
      "type": 3,
      "api": "./lib/drpy.min.js",
      "ext": "./lib/88看球.js",
      "searchable": 0,
      "quickSearch": 0,
      "filterable": 0
    },
    {
      "key": "csp_xp_qiumi",
      "name": "⚽ Jrs球迷",
      "type": 3,
      "api": "csp_XPath",
      "searchable": 0,
      "quickSearch": 0,
      "filterable": 0,
      "ext": "./lib/dj看球.json"
    },
    {
      "key": "csp_Bili1",
      "name": "🅱️哔哩合集",
      "type": 3,
      "api": "csp_Bili",
      "searchable": 1,
      "quickSearch": 1,
      "filterable": 1,
      "ext": "./lib/哔哩合集.json"
    },
    {
      "key": "软件",
      "name": " 🖤软件教程",
      "type": 3,
      "api": "csp_Bili",
      "searchable": 0,
      "quickSearch": 0,
      "filterable": 1,
      "ext": "./lib/软件教程.json"
    },
    {
      "key": "歌舞",
      "name": "💃印度歌舞",
      "type": 3,
      "api": "csp_Bili",
      "searchable": 0,
      "quickSearch": 0,
      "filterable": 1,
      "ext": "./lib/印度歌舞.json"
    },
    {
      "key": "小姐姐",
      "name": "💃哔哩小姐姐",
      "type": 3,
      "api": "csp_Bili",
      "searchable": 0,
      "quickSearch": 0,
      "filterable": 1,
      "ext": "./lib/哔哩xjj.json"
    },
    {
      "key": "车模",
      "name": "💃哔哩车模",
      "type": 3,
      "api": "csp_Bili",
      "searchable": 0,
      "quickSearch": 0,
      "filterable": 1,
      "ext": "./lib/哔哩车模.json"
    },
    {
      "key": "舞蹈",
      "name": "🎗️哔哩舞蹈",
      "type": 3,
      "api": "csp_Bili",
      "searchable": 0,
      "quickSearch": 0,
      "filterable": 1,
      "ext": "./lib/吾爱舞蹈.json"
    },
    {
      "key": "演唱会自定义",
      "name": "🌈演唱会",
      "type": 3,
      "api": "csp_Bili",
      "searchable": 0,
      "quickSearch": 0,
      "filterable": 1,
      "ext": "./lib/吾爱演唱会.json"
    },
    {
      "key": "MV",
      "name": "🌈哔哩MV",
      "type": 3,
      "api": "csp_Bili",
      "searchable": 0,
      "quickSearch": 0,
      "filterable": 1,
      "ext": "./lib/吾爱MTV.json"
    },
    {
      "key": "戏曲自定义",
      "name": "📺哔哩戏曲",
      "type": 3,
      "api": "csp_Bili",
      "searchable": 0,
      "quickSearch": 0,
      "filterable": 1,
      "ext": "./lib/吾爱戏曲.json"
    },
    {
      "key": "解说",
      "name": "⚽️电影解说",
      "type": 3,
      "api": "csp_Bili",
      "searchable": 0,
      "quickSearch": 0,
      "filterable": 1,
      "ext": "./lib/吾爱影视解说.json"
    },
    {
      "key": "球类",
      "name": "⚽️球球合集",
      "type": 3,
      "api": "csp_Bili",
      "searchable": 0,
      "quickSearch": 0,
      "filterable": 1,
      "ext": "./lib/吾爱球球.json"
    },
    {
      "key": "美食",
      "name": " 🧡美食合集",
      "type": 3,
      "api": "csp_Bili",
      "searchable": 0,
      "quickSearch": 0,
      "filterable": 1,
      "ext": "./lib/吾爱美食.json"
    },
    {
      "key": "棋牌",
      "name": " 💔棋牌合集",
      "type": 3,
      "api": "csp_Bili",
      "searchable": 0,
      "quickSearch": 0,
      "filterable": 1,
      "ext": "./lib/吾爱棋牌.json"
    },
    {
      "key": "UP主",
      "name": " 🖤UP主机",
      "type": 3,
      "api": "csp_Bili",
      "searchable": 0,
      "quickSearch": 0,
      "filterable": 1,
      "ext": "./lib/吾爱UP主.json"
    },
    {
      "key": "PS",
      "name": "🎉PS教程",
      "type": 3,
      "api": "csp_Bili",
      "searchable": 0,
      "quickSearch": 0,
      "filterable": 1,
      "ext": "./lib/哔哩PS.json"
    },
    {
      "key": "外语",
      "name": "🏠外语学堂",
      "type": 3,
      "api": "csp_Bili",
      "searchable": 0,
      "quickSearch": 0,
      "filterable": 1,
      "ext": "./lib/哔哩外语.json"
    },
    {
      "key": "学堂",
      "name": "🍉学堂教育",
      "type": 3,
      "api": "csp_Bili",
      "searchable": 0,
      "quickSearch": 0,
      "filterable": 1,
      "ext": "./lib/吾爱学堂.json"
    },
    {
      "key": "EXCEL",
      "name": "🏢Excel学堂",
      "type": 3,
      "api": "csp_Bili",
      "searchable": 0,
      "quickSearch": 0,
      "filterable": 1,
      "ext": "./lib/吾爱Excel教程.json"
    },
    {
      "key": "足球",
      "name": "⚽️足球合集",
      "type": 3,
      "api": "csp_Bili",
      "searchable": 0,
      "quickSearch": 0,
      "filterable": 1,
      "ext": "./lib/吾爱球星.json"
    },
    {
      "key": "体育",
      "name": "💋哔哩体育",
      "type": 3,
      "api": "csp_Bili",
      "searchable": 0,
      "quickSearch": 0,
      "filterable": 1,
      "ext": "./lib/吾爱体育.json"
    },
    {
      "key": "dr_兔小贝",
      "name": "📚儿童启蒙",
      "type": 3,
      "api": "./lib/drpy.min.js",
      "ext": "./lib/兔小贝.js",
      "searchable": 0,
      "quickSearch": 0,
      "filterable": 0
    },
    {
      "key": "少儿教育",
      "name": "📚少儿教育",
      "type": 3,
      "api": "csp_Bili",
      "searchable": 0,
      "quickSearch": 0,
      "filterable": 1,
      "ext": "./lib/少儿教育.json"
    },
    {
      "key": "小学课堂",
      "name": "📚小学课堂",
      "type": 3,
      "api": "csp_Bili",
      "searchable": 0,
      "quickSearch": 0,
      "filterable": 1,
      "ext": "./lib/小学课堂.json"
    },
    {
      "key": "初中课堂",
      "name": "📚初中课堂",
      "type": 3,
      "api": "csp_Bili",
      "searchable": 0,
      "quickSearch": 0,
      "filterable": 1,
      "ext": "./lib/初中课堂.json"
    },
    {
      "key": "高中教育",
      "name": "📚高中课堂",
      "type": 3,
      "api": "csp_Bili",
      "searchable": 0,
      "quickSearch": 0,
      "filterable": 1,
      "ext": "./lib/高中课堂.json"
    },
    {
      "key": "csp_KungFu404",
      "name": "🎦阿里设置",
      "type": 3,
      "api": "csp_KungFu404",
      "searchable": 1,
      "filterable": 0,
      "changeable": 0,
      "jar": "./lib/1694489884.json"
    },
    {
      "key": "csp_WoGG",
      "name": "🦊玩偶哥哥4K",
      "type": 3,
      "playerType": 2,
      "api": "csp_WoGG",
      "searchable": 1,
      "quickSearch": 1,
      "filterable": 1,
      "ext": "http://127.0.0.1:9978/file/tvbox/token.txt"
    },
    {
      "key": "UpYun",
      "name": "🦊Up搜搜索",
      "type": 3,
      "playerType": 2,
      "api": "csp_UpYun",
      "searchable": 1,
      "quickSearch": 1,
      "filterable": 0,
      "changeable": 0,
      "ext": "http://127.0.0.1:9978/file/tvbox/token.txt"
    },
    {
      "key": "七夜",
      "name": "🦊七夜搜索",
      "type": 3,
      "playerType": 2,
      "api": "csp_Dovx",
      "searchable": 1,
      "quickSearch": 1,
      "filterable": 0,
      "changeable": 0,
      "ext": "http://127.0.0.1:9978/file/tvbox/token.txt"
    },
    {
      "key": "Gitcafe",
      "name": "🦊小纸条(搜索)",
      "type": 3,
      "api": "csp_Gitcafe",
      "playerType": 2,
      "searchable": 1,
      "quickSearch": 1,
      "filterable": 1,
      "jar": "./lib/Hk.jar;md5;566e51fb1be76de5f1de4f6b6cdb1a65",
      "ext": "http://127.0.0.1:9978/file/TVBox/jar/alitoken.txt"
    },
    {
      "key": "csp_Zhaozy5",
      "name": "📀找资源(搜索)",
      "type": 3,
      "api": "csp_Zhaozy",
      "playerType": 2,
      "searchable": 1,
      "quickSearch": 1,
      "filterable": 0,
      "jar": "./lib/Hk.jar;md5;566e51fb1be76de5f1de4f6b6cdb1a65",
      "ext": "http://127.0.0.1:9978/file/tvbox/token.txt"
    },
    {
      "key": "csp_AliPS",
      "name": "📀喵狸盘搜(搜索)",
      "type": 3,
      "api": "csp_AliPS",
      "playerType": 2,
      "searchable": 1,
      "quickSearch": 1,
      "filterable": 0,
      "jar": "./lib/Hk.jar;md5;566e51fb1be76de5f1de4f6b6cdb1a65",
      "ext": "http://127.0.0.1:9978/file/TVBox/jar/alitoken.txt"
    },
    {
      "key": "csp_Yisou5",
      "name": "📀易搜(搜索)",
      "type": 3,
      "api": "csp_Yisou",
      "playerType": 2,
      "searchable": 1,
      "quickSearch": 1,
      "filterable": 0,
      "jar": "./lib/Hk.jar;md5;566e51fb1be76de5f1de4f6b6cdb1a65",
      "ext": "http://127.0.0.1:9978/file/TVBox/jar/alitoken.txt"
    },
    {
      "key": "push_agent",
      "name": "📀推送(阿里/磁力)",
      "type": 3,
      "api": "csp_PushAgent",
      "playerType": 2,
      "searchable": 1,
      "quickSearch": 1,
      "filterable": 0,
      "jar": "./lib/Hk.jar;md5;566e51fb1be76de5f1de4f6b6cdb1a65",
      "ext": "http://127.0.0.1:9978/file/TVBox/jar/alitoken.txt"
    },
    {
      "key": "说明",
      "name": "公众号：云星日记",
      "type": 3,
      "api": "360",
      "searchable": 1,
      "quickSearch": 1,
      "filterable": 1
    },
    {
      "key": "说明2",
      "name": "提供免费维护",
      "type": 3,
      "api": "360",
      "searchable": 1,
      "quickSearch": 1,
      "filterable": 1
    }
  ],
  "parses": [
    {
      "name": "解析聚合",
      "type": 3,
      "url": "Demo"
    },
    {
      "name": "Json并发",
      "type": 2,
      "url": "Parallel"
    },
    {
      "name": "Json轮询",
      "type": 2,
      "url": "Sequence"
    },
    {
      "name": "猫影视json",
      "type": 1,
      "url": "这里填写你购买的解析接口即可",
      "ext": {
        "flag": [
          "qq",
          "腾讯",
          "企鹅",
          "IQiYi",
          "qiyi",
          "爱奇艺",
          "奇艺",
          "youku",
          "YouKu",
          "优酷",
          "sohu",
          "SoHu",
          "搜狐",
          "letv",
          "LeShi",
          "乐视",
          "imgo",
          "mgtv",
          "MangGuo",
          "芒果",
          "SLYS4k",
          "BYGA",
          "luanzi",
          "AliS",
          "dxzy",
          "bilibili",
          "QEYSS",
          "xigua",
          "西瓜视频",
          "腾讯视频",
          "奇艺视频",
          "优酷视频",
          "芒果视频",
          "乐视视频"
        ]
      }
    },
    {
      "name": "刚佬",
      "type": 1,
      "url": "http://json.g9.pub:66/?url=",
      "ext": {
        "flag": [
          "qq",
          "腾讯",
          "qiyi",
          "爱奇艺",
          "奇艺",
          "youku",
          "优酷",
          "mgtv",
          "imgo",
          "芒果",
          "letv",
          "乐视",
          "pptv",
          "PPTV",
          "sohu",
          "bilibili",
          "哔哩哔哩",
          "哔哩"
        ],
        "header": {
          "User-Agent": "okhttp/4.1.0"
        }
      }
    },
    {
      "name": "解析",
      "type": 1,
      "url": "http://27.124.4.42:4567/jhjson/ceshi.php?url="
    },
    {
      "name": "360",
      "type": 1,
      "url": "https://vip.mosangkeji.com/api/?key=rRNvXAnOghBBLnC35c&url=",
      "ext": {
        "flag": [
          "qq",
          "腾讯",
          "企鹅",
          "IQiYi",
          "qiyi",
          "爱奇艺",
          "奇艺",
          "youku",
          "YouKu",
          "优酷",
          "sohu",
          "SoHu",
          "搜狐",
          "letv",
          "LeShi",
          "乐视",
          "imgo",
          "mgtv",
          "MangGuo",
          "芒果",
          "SLYS4k",
          "BYGA",
          "luanzi",
          "AliS",
          "dxzy",
          "bilibili",
          "QEYSS",
          "xigua",
          "西瓜视频",
          "腾讯视频",
          "奇艺视频",
          "优酷视频",
          "芒果视频",
          "乐视视频"
        ]
      }
    },
    {
      "name": "小新",
      "type": 1,
      "url": "http://xiaoxin.1080p.me/home/api?type=ys&uid=2781037&key=bhnoprvyzBMNOQTY19&url=",
      "ext": {
        "flag": [
          "qq",
          "腾讯",
          "qiyi",
          "爱奇艺",
          "奇艺",
          "youku",
          "优酷",
          "mgtv",
          "imgo",
          "芒果",
          "letv",
          "乐视",
          "pptv",
          "PPTV",
          "sohu",
          "bilibili",
          "哔哩哔哩",
          "哔哩"
        ],
        "header": {
          "User-Agent": "okhttp/4.1.0"
        }
      }
    },
    {
      "name": "云云",
      "type": 0,
      "url": "https://yun.ckmov.com/?url=",
      "ext": {
        "flag": [
          "qq",
          "腾讯",
          "qiyi",
          "爱奇艺",
          "奇艺",
          "youku",
          "优酷",
          "mgtv",
          "imgo",
          "芒果",
          "letv",
          "乐视",
          "pptv",
          "PPTV",
          "sohu",
          "bilibili",
          "哔哩哔哩",
          "哔哩"
        ],
        "header": {
          "User-Agent": "okhttp/4.1.0"
        }
      }
    },
    {
      "name": "西米",
      "type": 0,
      "url": "https://jx.xmflv.com/?url=",
      "ext": {
        "flag": [
          "qq",
          "腾讯",
          "qiyi",
          "爱奇艺",
          "奇艺",
          "youku",
          "优酷",
          "sohu",
          "搜狐",
          "letv",
          "乐视",
          "imgo",
          "mgtv",
          "芒果",
          "rx",
          "ltnb",
          "bilibili",
          "1905",
          "xigua"
        ]
      }
    },
    {
      "name": "春雨",
      "type": 1,
      "url": "https://api.cygc.xyz/analysis/?url=",
      "ext": {
        "flag": [
          "qq",
          "腾讯",
          "qiyi",
          "爱奇艺",
          "奇艺",
          "youku",
          "优酷",
          "sohu",
          "搜狐",
          "letv",
          "乐视",
          "imgo",
          "mgtv",
          "芒果",
          "rx",
          "ltnb",
          "bilibili",
          "1905",
          "xigua"
        ]
      }
    },
    {
      "name": "展览",
      "type": 0,
      "url": "https://jx.zhanlangbu.com/?url=",
      "ext": {
        "flag": [
          "qq",
          "腾讯",
          "qiyi",
          "爱奇艺",
          "奇艺",
          "youku",
          "优酷",
          "mgtv",
          "imgo",
          "芒果",
          "letv",
          "乐视",
          "pptv",
          "PPTV",
          "sohu",
          "bilibili",
          "哔哩哔哩",
          "哔哩"
        ],
        "header": {
          "User-Agent": "okhttp/4.1.0"
        }
      }
    },
    {
      "name": "CC",
      "type": 1,
      "url": "https://jx.ccabc.cc/xc/?key=5567332json&url="
    },
    {
      "name": "未知",
      "type": 0,
      "url": "http://27.124.4.42:4567/jhjson/ceshi.php?url=",
      "ext": {
        "flag": [
          "qq",
          "腾讯",
          "qiyi",
          "爱奇艺",
          "奇艺",
          "youku",
          "优酷",
          "mgtv",
          "imgo",
          "芒果",
          "letv",
          "乐视",
          "pptv",
          "PPTV",
          "sohu",
          "bilibili",
          "哔哩哔哩",
          "哔哩"
        ],
        "header": {
          "User-Agent": "okhttp/4.1.0"
        }
      }
    },
    {
      "name": "精选",
      "type": 0,
      "url": "https://jxdp.codermart.net/?url=",
      "ext": {
        "flag": [
          "qq",
          "腾讯",
          "qiyi",
          "爱奇艺",
          "奇艺",
          "youku",
          "优酷",
          "mgtv",
          "imgo",
          "芒果",
          "letv",
          "乐视",
          "pptv",
          "PPTV",
          "sohu",
          "bilibili",
          "哔哩哔哩",
          "哔哩"
        ],
        "header": {
          "User-Agent": "okhttp/4.1.0"
        }
      }
    },
    {
      "name": "没空",
      "type": 1,
      "url": "https://b.umkan.cc/API.php?url=",
      "ext": {
        "flag": [
          "qq",
          "腾讯",
          "企鹅",
          "IQiYi",
          "qiyi",
          "imgo",
          "爱奇艺",
          "奇艺",
          "youku",
          "YouKu",
          "优酷",
          "sohu",
          "SoHu",
          "搜狐",
          "letv",
          "LeShi",
          "乐视",
          "imgo",
          "mgtv",
          "MangGuo",
          "芒果",
          "SLYS4k",
          "BYGA",
          "luanzi",
          "AliS",
          "dxzy",
          "bilibili",
          "QEYSS",
          "xigua",
          "西瓜视频",
          "腾讯视频",
          "奇艺视频",
          "优酷视频",
          "芒果视频",
          "乐视视频"
        ]
      }
    },
    {
      "name": "777",
      "type": 0,
      "url": "https://jx.777jiexi.com/player/?url=",
      "ext": {
        "flag": [
          "qq",
          "腾讯",
          "qiyi",
          "爱奇艺",
          "奇艺",
          "youku",
          "优酷",
          "mgtv",
          "imgo",
          "芒果",
          "letv",
          "乐视",
          "pptv",
          "PPTV",
          "sohu",
          "bilibili",
          "哔哩哔哩",
          "哔哩"
        ],
        "header": {
          "User-Agent": "okhttp/4.1.0"
        }
      }
    },
    {
      "name": "芒高/奇异",
      "type": 0,
      "url": "https://jx.bozrc.com:4433/player/?url=",
      "ext": {
        "flag": [
          "qq",
          "腾讯",
          "qiyi",
          "爱奇艺",
          "奇艺",
          "youku",
          "优酷",
          "mgtv",
          "imgo",
          "芒果",
          "letv",
          "乐视",
          "pptv",
          "PPTV",
          "sohu",
          "bilibili",
          "哔哩哔哩",
          "哔哩"
        ],
        "header": {
          "User-Agent": "okhttp/4.1.0"
        }
      }
    },
    {
      "name": "巧计",
      "type": 1,
      "url": "http://jx.pandown.pro/home/api?type=ys&uid=2691632&key=bchmpqsDJMSTWX0568&url=",
      "ext": {
        "flag": [
          "qq",
          "腾讯",
          "qiyi",
          "爱奇艺",
          "奇艺",
          "youku",
          "优酷",
          "sohu",
          "搜狐",
          "letv",
          "乐视",
          "mgtv",
          "芒果",
          "imgo",
          "rx",
          "ltnb",
          "bilibili",
          "1905",
          "xigua"
        ]
      }
    },
    {
      "name": "黄人",
      "type": 1,
      "url": "http://110.42.2.115:880/analysis/json/?uid=2056&my=efjkmvBGHILMSUWXY0&url=",
      "ext": {
        "flag": [
          "qq",
          "腾讯",
          "qiyi",
          "爱奇艺",
          "奇艺",
          "youku",
          "优酷",
          "sohu",
          "搜狐",
          "letv",
          "乐视",
          "imgo",
          "mgtv",
          "芒果",
          "rx",
          "ltnb",
          "bilibili",
          "1905",
          "xigua"
        ]
      }
    },
    {
      "name": "战狼",
      "type": 0,
      "url": "https://jx.zhanlangbu.com/?url=",
      "ext": {
        "flag": [
          "qq",
          "腾讯",
          "qiyi",
          "爱奇艺",
          "奇艺",
          "youku",
          "优酷",
          "mgtv",
          "芒果",
          "imgo",
          "letv",
          "乐视",
          "pptv",
          "PPTV",
          "sohu",
          "bilibili",
          "哔哩哔哩",
          "哔哩"
        ],
        "header": {
          "User-Agent": "okhttp/4.1.0"
        }
      }
    },
    {
      "name": "忧看",
      "type": 1,
      "url": "https://b.umkan.cc/API.php?url=",
      "ext": {
        "flag": [
          "qq",
          "腾讯",
          "企鹅",
          "IQiYi",
          "qiyi",
          "imgo",
          "爱奇艺",
          "奇艺",
          "youku",
          "YouKu",
          "优酷",
          "sohu",
          "SoHu",
          "搜狐",
          "letv",
          "LeShi",
          "乐视",
          "imgo",
          "mgtv",
          "MangGuo",
          "芒果",
          "SLYS4k",
          "BYGA",
          "luanzi",
          "AliS",
          "dxzy",
          "bilibili",
          "QEYSS",
          "xigua",
          "西瓜视频",
          "腾讯视频",
          "奇艺视频",
          "优酷视频",
          "芒果视频",
          "乐视视频"
        ]
      }
    },
    {
      "name": "猫影视",
      "type": 0,
      "url": "http://www.miaoys.cc/vip/?url="
    },
    {
      "name": "将就",
      "type": 0,
      "url": "http://27.124.4.42:4567/jhjson/ceshi.php?url=",
      "ext": {
        "flag": [
          "qq",
          "腾讯",
          "qiyi",
          "爱奇艺",
          "奇艺",
          "youku",
          "优酷",
          "mgtv",
          "imgo",
          "芒果",
          "letv",
          "乐视",
          "pptv",
          "PPTV",
          "sohu",
          "bilibili",
          "哔哩哔哩",
          "哔哩"
        ],
        "header": {
          "User-Agent": "okhttp/4.1.0"
        }
      }
    },
    {
      "name": "今昔",
      "type": 0,
      "url": "https://jxdp.codermart.net/?url=",
      "ext": {
        "flag": [
          "qq",
          "腾讯",
          "qiyi",
          "爱奇艺",
          "奇艺",
          "youku",
          "优酷",
          "mgtv",
          "imgo",
          "芒果",
          "letv",
          "乐视",
          "pptv",
          "PPTV",
          "sohu",
          "bilibili",
          "哔哩哔哩",
          "哔哩"
        ],
        "header": {
          "User-Agent": "okhttp/4.1.0"
        }
      }
    },
    {
      "name": "芝士",
      "type": 1,
      "url": "http://jx.fuqizhishi.com:63/API.php?appkey=feimao&url=",
      "ext": {
        "flag": [
          "qq",
          "腾讯",
          "企鹅",
          "IQiYi",
          "qiyi",
          "爱奇艺",
          "奇艺",
          "youku",
          "YouKu",
          "优酷",
          "sohu",
          "SoHu",
          "搜狐",
          "letv",
          "LeShi",
          "乐视",
          "imgo",
          "mgtv",
          "MangGuo",
          "imgo",
          "芒果",
          "SLYS4k",
          "BYGA",
          "luanzi",
          "AliS",
          "dxzy",
          "bilibili",
          "QEYSS",
          "xigua",
          "西瓜视频",
          "腾讯视频",
          "奇艺视频",
          "优酷视频",
          "芒果视频",
          "乐视视频"
        ]
      }
    }
  ],
  "flags": [
    "youku",
    "qq",
    "iqiyi",
    "qiyi",
    "letv",
    "sohu",
    "tudou",
    "pptv",
    "mgtv",
    "wasu",
    "bilibili",
    "renrenmi"
  ],
  "ijk": [
    {
      "group": "软解码",
      "options": [
        {
          "category": 4,
          "name": "opensles",
          "value": "0"
        },
        {
          "category": 4,
          "name": "overlay-format",
          "value": "842225234"
        },
        {
          "category": 4,
          "name": "framedrop",
          "value": "1"
        },
        {
          "category": 4,
          "name": "soundtouch",
          "value": "1"
        },
        {
          "category": 4,
          "name": "start-on-prepared",
          "value": "1"
        },
        {
          "category": 1,
          "name": "http-detect-range-support",
          "value": "0"
        },
        {
          "category": 1,
          "name": "fflags",
          "value": "fastseek"
        },
        {
          "category": 2,
          "name": "skip_loop_filter",
          "value": "48"
        },
        {
          "category": 4,
          "name": "reconnect",
          "value": "1"
        },
        {
          "category": 4,
          "name": "enable-accurate-seek",
          "value": "0"
        },
        {
          "category": 4,
          "name": "mediacodec",
          "value": "0"
        },
        {
          "category": 4,
          "name": "mediacodec-auto-rotate",
          "value": "0"
        },
        {
          "category": 4,
          "name": "mediacodec-handle-resolution-change",
          "value": "0"
        },
        {
          "category": 4,
          "name": "mediacodec-hevc",
          "value": "0"
        },
        {
          "category": 1,
          "name": "dns_cache_timeout",
          "value": "600000000"
        }
      ]
    },
    {
      "group": "硬解码",
      "options": [
        {
          "category": 4,
          "name": "opensles",
          "value": "0"
        },
        {
          "category": 4,
          "name": "overlay-format",
          "value": "842225234"
        },
        {
          "category": 4,
          "name": "framedrop",
          "value": "1"
        },
        {
          "category": 4,
          "name": "soundtouch",
          "value": "1"
        },
        {
          "category": 4,
          "name": "start-on-prepared",
          "value": "1"
        },
        {
          "category": 1,
          "name": "http-detect-range-support",
          "value": "0"
        },
        {
          "category": 1,
          "name": "fflags",
          "value": "fastseek"
        },
        {
          "category": 2,
          "name": "skip_loop_filter",
          "value": "48"
        },
        {
          "category": 4,
          "name": "reconnect",
          "value": "1"
        },
        {
          "category": 4,
          "name": "enable-accurate-seek",
          "value": "0"
        },
        {
          "category": 4,
          "name": "mediacodec",
          "value": "1"
        },
        {
          "category": 4,
          "name": "mediacodec-auto-rotate",
          "value": "1"
        },
        {
          "category": 4,
          "name": "mediacodec-handle-resolution-change",
          "value": "1"
        },
        {
          "category": 4,
          "name": "mediacodec-hevc",
          "value": "1"
        },
        {
          "category": 1,
          "name": "dns_cache_timeout",
          "value": "600000000"
        }
      ]
    }
  ],
  "ads": [
    "mimg.0c1q0l.cn",
    "www.googletagmanager.com",
    "www.google-analytics.com",
    "mc.usihnbcq.cn",
    "mg.g1mm3d.cn",
    "mscs.svaeuzh.cn",
    "cnzz.hhttm.top",
    "tp.vinuxhome.com",
    "cnzz.mmstat.com",
    "www.baihuillq.com",
    "s23.cnzz.com",
    "z3.cnzz.com",
    "c.cnzz.com",
    "stj.v1vo.top",
    "z12.cnzz.com",
    "img.mosflower.cn",
    "tips.gamevvip.com",
    "ehwe.yhdtns.com",
    "xdn.cqqc3.com",
    "www.jixunkyy.cn",
    "sp.chemacid.cn",
    "hm.baidu.com",
    "s9.cnzz.com",
    "z6.cnzz.com",
    "um.cavuc.com",
    "mav.mavuz.com",
    "wofwk.aoidf3.com",
    "z5.cnzz.com",
    "xc.hubeijieshikj.cn",
    "tj.tianwenhu.com",
    "xg.gars57.cn",
    "k.jinxiuzhilv.com",
    "cdn.bootcss.com",
    "ppl.xunzhuo123.com",
    "xomk.jiangjunmh.top",
    "img.xunzhuo123.com",
    "z1.cnzz.com",
    "s13.cnzz.com",
    "xg.huataisangao.cn",
    "z7.cnzz.com",
    "xg.huataisangao.cn",
    "z2.cnzz.com",
    "s96.cnzz.com",
    "q11.cnzz.com",
    "thy.dacedsfa.cn",
    "xg.whsbpw.cn",
    "s19.cnzz.com",
    "z8.cnzz.com",
    "s4.cnzz.com",
    "f5w.as12df.top",
    "ae01.alicdn.com",
    "www.92424.cn",
    "k.wudejia.com",
    "vivovip.mmszxc.top",
    "qiu.xixiqiu.com",
    "cdnjs.hnfenxun.com",
    "cms.qdwght.com"
  ]
}