{"name": "聚优香蕉资源",
"url": "https://www.2024xxj.com",
"tihuan": "cnzz.com",
"User": "空",
"shouye": "0",
"fenlei": "中文综合$/?ju=xxj-xxjfl-zwzh-#中文无码$/?ju=xxj-xxjfl-zwwm-#中文近亲$/?ju=xxj-xxjfl-zwjq-#中文护士$/?ju=xxj-xxjfl-zwhs-#中文师生$/?ju=xxj-xxjfl-zwss-#中文强奸$/?ju=xxj-xxjfl-zwqj-#DVR高清$/?ju=xxj-xxjfl-dvrgq-#美女主播$/?ju=xxj-xxjfl-mnzb-#国产自拍$/?ju=xxj-xxjfl-gczp-#高清HD$/?ju=xxj-xxjfl-gqhd-#欧美大片$/?ju=xxj-xxjfl-omdp-#三级综合$/?ju=xxj-xxjfl-sjzh-",
"houzhui": ".html",
"shifouercijiequ": "0",
"jiequqian": "空",
"jiequhou": "空",
"jiequshuzuqian": "class=\"uk-width-1-5",
"jiequshuzuhou": "</a>",
"tupianqian": "data-original=\"",
"tupianhou": "\"",
"biaotiqian": "alt=\"",
"biaotihou": "\"",
"lianjieqian": "href=\"",
"lianjiehou": "\"",
"sousuoqian": "/?m=search-type-so-0.html&TXT=",
"sousuohou": "&submit=",
"sousuohouzhui": "/detail/",
"ssmoshi": "1",
"sousuoshifouercijiequ": "0",
"jspic": "空",
"jsname": "空",
"jsid": "空",
"ssjiequqian": "空",
"ssjiequhou": "空",
"ssjiequshuzuqian": "class=\"uk-width-1-5",
"ssjiequshuzuhou": "</a>",
"sstupianqian": "src=\"",
"sstupianhou": "\"",
"ssbiaotiqian": "alt=\"",
"ssbiaotihou": "\"",
"sslianjieqian": "href=\"",
"sslianjiehou": "\"",
"bfshifouercijiequ": "0",
"bfjiequqian": "空",
"bfjiequhou": "空",
"bfjiequshuzuqian": "class=\"read-btn uk-margin-bottom",
"bfjiequshuzuhou": "</div>",
"zhuangtaiqian": "影片分类:<span>",
"zhuangtaihou": "</p>",
"daoyanqian": "更新时间:<span>",
"daoyanhou": "</p>",
"zhuyanqian": "class=\"data\">主演：",
"zhuyanhou": "</p>",
"juqingqian": "<h3",
"juqinghou": "</h3>",
"bfyshifouercijiequ": "0",
"bfyjiequqian": "空",
"bfyjiequhou": "空",
"bfyjiequshuzuqian": "<a",
"bfyjiequshuzuhou": "/a>",
"bfbiaotiqian": ">",
"bfbiaotihou": "<",
"bflianjieqian": "href=\"",
"bflianjiehou": "\""
}