{
"站名":"中文资源",
"主页url":"https://juyouav.vip/xjzy",
"直接播放":"1",
"图片":"data-original=\"&&\"",
"标题":"title=\"&&\"",
"链接":"href=\"/xjzy/is&&.html\"",
"链接前缀":"https://juyouav.vip/xjzy/isplay",
"链接后缀": "-1-1.html",
"副标题":"<div class=\"duration\">&&</div>",
"搜索图片": "data-original=\"&&\"",
"搜索标题": "title=\"&&\"",
"搜索链接": "href=\"/xjzy/is&&.html\"",
"搜索副标题":"<div class=\"duration\">&&</div>",
"搜索模式": "1",
"搜索url":"https://juyouav.vip/xjzy/vod/search/page/{catePg}/wd/{wd}.html",
"搜索链接前缀":"https://juyouav.vip/xjzy/isplay",
"搜索链接后缀":"-1-1.html",
"简介":"<p>&&</p>",
"分类":"中文无码$si-u#中文综合$si-v#中文近亲$si-w#中文护士$si-x#中文师生$si-y#中文强奸$si-z#明星淫梦$si-8#国产自拍$si-2#三级伦理$si-7",
"分类url":"https://juyouav.vip/xjzy/{cateId}-{catePg}.html",
"免嗅":"1",
"筛选":{
"99re":[
{
"key":"class",
"name":"久久资源",
"value":[
{"v":"","n":"全部"},
{"v":"sr-kb","n":"国产自拍"},
{"v":"sr-R","n":"欧美"},
{"v":"sr-S","n":"中文字幕"},
{"v":"sr-T","n":"李宗瑞全集"},
{"v":"sr-U","n":"日本无码"},
{"v":"sr-V","n":"加勒比"},
{"v":"sr-W","n":"日本有码"},
{"v":"sr-X","n":"一本道"},
{"v":"sr-Y","n":"高清"},
{"v":"sr-bb","n":"潮吹"},
{"v":"sr-cb","n":"会员认证作品"},
{"v":"sr-db","n":"制服丝袜"},
{"v":"sr-eb","n":"口爆颜射"},
{"v":"sr-fb","n":"肛交"},
{"v":"sr-gb","n":"东京热"},
{"v":"sr-hb","n":"小格式综合"},
{"v":"sr-ib","n":"女主播系列"},
{"v":"sr-jb","n":"成人动漫"},
{"v":"sr-lb","n":"SM性虐"},
{"v":"sr-mb","n":"韩国综合"}
]
}
],
"gccm":[
{
"key":"class",
"name":"国产传媒",
"value":[
{"v":"","n":"全部"},
{"v":"st-b","n":"麻豆原创"},
{"v":"st-c","n":"91制片厂"},
{"v":"st-q","n":"糖心Vlgo"},
{"v":"st-d","n":"天美传媒"},
{"v":"st-e","n":"蜜桃传媒"},
{"v":"st-f","n":"皇家华人"},
{"v":"st-g","n":"星空传媒"},
{"v":"st-h","n":"精东影业"},
{"v":"st-i","n":"乐播传媒"},
{"v":"st-j","n":"乌鸦传媒"},
{"v":"st-k","n":"兔子先生"},
{"v":"st-l","n":"杏吧原创"},
{"v":"st-m","n":"mini传媒"},
{"v":"st-n","n":"大象传媒"},
{"v":"st-o","n":"开心鬼传媒"},
{"v":"st-p","n":"PsychoPorn"}
]
}
],
"cq":[
{
"key":"class",
"name":"超清资源",
"value":[
{"v":"","n":"全部"},
{"v":"su-ab","n":"亚洲ＡＶ"},
{"v":"su-bb","n":"自拍偷拍"},
{"v":"su-cb","n":"超清传媒"},
{"v":"su-eb","n":"3D动漫"},
{"v":"su-db","n":"欧美ＡＶ"},
{"v":"su-fb","n":"乱伦人妻"},
{"v":"su-gb","n":"丝袜制服"},
{"v":"su-hb","n":"直播录播"},
{"v":"su-ib","n":"SM另类"},
{"v":"su-jb","n":"超清三级"}
]
}
],
"fcw":[
{
"key":"class",
"name":"废柴网资源",
"value":[
{"v":"","n":"全部"},
{"v":"se-R","n":"VIP专区"},
{"v":"se-U","n":"偷拍系列"},
{"v":"se-W","n":"国产自拍"},
{"v":"se-S","n":"日本有码"},
{"v":"se-T","n":"日本无码"},
{"v":"se-V","n":"成人动漫"},
{"v":"se-X","n":"韩国综合"},
{"v":"se-Y","n":"VR专区"},
{"v":"se-Z","n":"欧美"}
]
}
],
"avjs":[
{
"key":"class",
"name":"AV解说",
"value":[
{"v":"","n":"全部"},
{"v":"sy-u","n":"水果πAV解说"}
]
}
]
}
}