{
"站名":"玩偶姐姐",
"主页url":"https://hongkongdollvideo.com/",
"直接播放":"1",
"数组":"<div class=\"thumb\">&&class=\"badge",
"图片":"data-src=\"&&\"",
"标题":"alt=\"&&\"",
"链接":"href=\"&&\"",
"链接前缀":"https://hongkongdollvideo.com",
"副标题":"</i>&&</div>",
"搜索模式":"1",
"搜索数组":"<div class=\"thumb\">&&class=\"badge",
"搜索图片":"data-src=\"&&\"",
"搜索标题":"alt=\"&&\"",
"搜索链接":"href=\"&&\"",
"搜索副标题":"</i>&&</div>",
"播放数组":"<h3 class=\"video-title\">&&</h3>",
"播放列表":"<a&&/a>",
"播放标题":">&&<",
"播放链接":"href=\"&&\"",
"分类":"最新$latest#Hongkong Doll$hongkongdoll#麻豆传媒$麻豆传媒#91制片厂$91制片厂#天美传媒$天美传媒#蜜桃传媒$蜜桃传媒#皇家华人$皇家华人#星空传媒$星空传媒#精东影业$精东影业#乐播传媒$乐播传媒#成人头条$成人头条#乌鸦传媒$乌鸦传媒#兔子先生$兔子先生#杏吧原创$杏吧原创#mini传媒$mini传媒#大象传媒$大象传媒#开心鬼传媒$开心鬼传媒#PsychoPorn$PsychoPorn#糖心Vlog$糖心Vlog",
"分类url":"https://hongkongdollvideo.com/{cateId}/{catePg}.html",
"免嗅":"0",
"嗅探词":".m3u8#.mp4#.flv#.m4a#.avi#.mkv#.mov#.3gp#.asf#.rm#.rmvb#.wmv#.mpg#.mpeg#.mpe#.ts#.vob#.mp3#.wma"
}