{
"站名":"废柴网",
"主页url":"https://avhh.vip/fcw/",
"请求头":"",
"直接播放":"1",
"图片代理":"0",
"分类":"VIP专区$ff-VIPzhuanqu#偷拍自拍$ff-toupaixilie#国产自拍$ff-guochanzipai#日本有码$ff-ribenyouma#日本无码$ff-ribenwuma#成人动漫$ff-chengrendongman#韩国综合$ff-hanguozonghe#VR专区$ff-VRzhuanqu#欧美$ff-oumei",
//"数组":"<div class=\"item\"&&</div>",
"图片":"data-original=\"&&\"",
"标题":"title=\"&&\"",
"链接":"href=\"/fcw/f&&.html\"",
"副标题":"<div class=\"duration\">&&</div>",
"链接前缀":"https://avhh.vip/fcw/fplay",
"链接后缀":"-1-1.html",
"线路数组":"button-rounded&&/a>",
"线路标题":">&&<",
//"搜索数组":"<div class=\"item\"&&</div>",
"搜索图片":"data-original=\"&&\"",
"搜索标题":"title=\"&&\"",
"搜索链接": "href=\"/fcw/f&&.html\"",
"搜索副标题":"<div class=\"duration\">&&</div>",
"搜索模式":"1",
"搜索url":"https://avhh.vip/fcw/vod/search/wd/{wd}.html",
"搜索链接前缀":"https://avhh.vip/fcw/fplay",
"搜索链接后缀":"-1-1.html",
"简介":"<p>&&</p>",
"分类url":"https://avhh.vip/fcw/{cateId}-{catePg}.html",
"免嗅":"0"
}