{"name": "新香蕉全站资源",
"url": "https://mdav.vip",
"tihuan": "cnzz.com",
"User": "空",
"shouye": "0",
"fenlei": "AV解说$/avjs/index.php/vod/type/id/20/page/#中文无码$/xjzy/index.php/vod/type/id/20/page/#中文综合$/xjzy/index.php/vod/type/id/21/page/#中文近亲$/xjzy/index.php/vod/type/id/22/page/#中文护士$/xjzy/index.php/vod/type/id/23/page/#中文师生$/xjzy/index.php/vod/type/id/24/page/#中文强奸$/xjzy/index.php/vod/type/id/25/page/#国产自拍$/xjzy/index.php/vod/type/id/28/page/#美女主播$/xjzy/index.php/vod/type/id/29/page/#VR高清$/xjzy/index.php/vod/type/id/30/page/#高清HD$/xjzy/index.php/vod/type/id/31/page/#欧美大片$/xjzy/index.php/vod/type/id/32/page/#三级综合$/xjzy/index.php/vod/type/id/33/page/#麻豆原创$/index.php/vod/type/id/1/page/#91制片厂$/index.php/vod/type/id/2/page/#天美传媒$/index.php/vod/type/id/3/page/#蜜桃传媒$/index.php/vod/type/id/4/page/#皇家华人$/index.php/vod/type/id/5/page/#星空传媒$/index.php/vod/type/id/6/page/#精东影业$/index.php/vod/type/id/7/page/#乐播传媒$/index.php/vod/type/id/8/page/#乌鸦传媒$/index.php/vod/type/id/9/page/#兔子先生$/index.php/vod/type/id/10/page/#杏吧原创$/index.php/vod/type/id/11/page/#mini传媒$/index.php/vod/type/id/12/page/#大象传媒$/index.php/vod/type/id/13/page/#开心鬼传媒$/index.php/vod/type/id/14/page/#PsychoPorn$/index.php/vod/type/id/15/page/#糖心Vlgo$/index.php/vod/type/id/16/page/#港台三级$/index.php/vod/type/id/17/page/#国产自拍$/99re/index.php/vod/type/id/72/page/#肛交$/99re/index.php/vod/type/id/67/page/#会员认证$/99re/index.php/vod/type/id/64/page/#口爆颜射$/99re/index.php/vod/type/id/66/page/#潮吹$/99re/index.php/vod/type/id/63/page/#制服丝袜$/99re/index.php/vod/type/id/65/page/#一本道$/99re/index.php/vod/type/id/59/page/#高清$/99re/index.php/vod/type/id/60/page/#日本有码$/99re/index.php/vod/type/id/58/page/#加勒比$/99re/index.php/vod/type/id/57/page/#日本无码$/99re/index.php/vod/type/id/56/page/#李宗瑞全集$/99re/index.php/vod/type/id/55/page/#中文字幕$/99re/index.php/vod/type/id/54/page/#欧美$/99re/index.php/vod/type/id/53/page/#东京热$/99re/index.php/vod/type/id/68/page/#小格式综合$/99re/index.php/vod/type/id/69/page/#女主播系列$/99re/index.php/vod/type/id/70/page/#成人动漫$/99re/index.php/vod/type/id/71/page/#SM性虐$/99re/index.php/vod/type/id/73/page/#韩国综合$/99re/index.php/vod/type/id/74/page/#VIP专区$/fcw/index.php/vod/type/id/53/page/#日本有码$/fcw/index.php/vod/type/id/54/page/#日本无码$/fcw/index.php/vod/type/id/55/page/#偷拍系列$/fcw/index.php/vod/type/id/56/page/#成人动漫$/fcw/index.php/vod/type/id/57/page/#国产自拍$/fcw/index.php/vod/type/id/58/page/#韩国综合$/fcw/index.php/vod/type/id/59/page/#VR专区$/fcw/index.php/vod/type/id/60/page/#欧美$/fcw/index.php/vod/type/id/61/page/",
"houzhui": ".html",
"shifouercijiequ": "1",
"jiequqian": "class=\"box movie_list",
"jiequhou": "<div class=\"",
"jiequshuzuqian": "<a",
"jiequshuzuhou": "</a>",
"tupianqian": "src=\"",
"tupianhou": "\"",
"biaotiqian": "<h3>",
"biaotihou": "</h3>",
"lianjieqian": "href=\"",
"lianjiehou": "\"",
"sousuoqian": "/?m=search-type-so-0.html&TXT=",
"sousuohou": "&submit=",
"sousuohouzhui": "/detail/",
"ssmoshi": "1",
"sousuoshifouercijiequ": "0",
"jspic": "空",
"jsname": "空",
"jsid": "空",
"ssjiequqian": "空",
"ssjiequhou": "空",
"ssjiequshuzuqian": "class=\"uk-width-1-5",
"ssjiequshuzuhou": "</a>",
"sstupianqian": "src=\"",
"sstupianhou": "\"",
"ssbiaotiqian": "alt=\"",
"ssbiaotihou": "\"",
"sslianjieqian": "href=\"",
"sslianjiehou": "\"",
"bfshifouercijiequ": "0",
"bfjiequqian": "空",
"bfjiequhou": "空",
"bfjiequshuzuqian": "class=\"film_bar clearfix",
"bfjiequshuzuhou": "</div>",
"zhuangtaiqian": "类型：<span>",
"zhuangtaihou": "</span>",
"daoyanqian": "更新：<span>",
"daoyanhou": "</span>",
"zhuyanqian": "主演：",
"zhuyanhou": "</p>",
"juqingqian": "剧情：",
"juqinghou": "</p>",
"bfyshifouercijiequ": "0",
"bfyjiequqian": "空",
"bfyjiequhou": "空",
"bfyjiequshuzuqian": "<a",
"bfyjiequshuzuhou": "/a>",
"bfbiaotiqian": ">",
"bfbiaotihou": "<",
"bflianjieqian": "href=\"",
"bflianjiehou": "\""
}