{
"站名":"超清资源",
"主页url":"https://juyouav.vip/cq/",
"直接播放":"1",

//"数组":"<div class=\"item\"&&</div>",
"图片":"data-original=\"&&\"",
"标题":"title=\"&&\"",
"链接":"href=\"/cq/us&&.html\"",
"副标题":"<div class=\"duration\">&&</div>",
"链接前缀":"https://juyouav.vip/cq/suplay",
"链接后缀": "-1-1.html",
//"搜索数组":"<div class=\"item\"&&</div>",
"搜索图片": "data-original=\"&&\"",
"搜索标题":"title=\"&&\"",
"搜索链接": "href=\"/cq/us&&.html\"",
"搜索副标题":"<div class=\"duration\">&&</div>",
"搜索模式": "1",
"搜索url":"https://juyouav.vip/cq/vod/search/page/{catePg}/wd/{wd}.html",
"搜索链接前缀":"https://juyouav.vip/cq/suplay",
"搜索链接后缀":"-1-1.html",
"简介":"<p>&&</p>",
"分类":"亚洲AV$su-ab#自拍偷拍$su-bb#超清传媒$su-cb#3D动漫$su-eb#欧美AV$su-db#乱伦人妻$su-fb#丝袜制服$su-gb#直播录播$su-hb#SM另类$su-ib#超清三级$su-jb",
"分类url":"https://juyouav.vip/cq/{cateId}-{catePg}.html",
"免嗅":"1"
}