{
"站名":"废柴网资源",
"主页url":"https://juyouav.vip/fcw/",
"请求头":"",
"直接播放":"1",
"图片代理":"0",
"分类":"VIP专区$se-R#偷拍自拍$se-U#国产自拍$se-W#日本有码$se-S#日本无码$se-T#成人动漫$se-V#韩国综合$se-X#VR专区$se-Y#欧美$se-Z",
//"数组":"<div class=\"item\"&&</div>",
"图片":"data-original=\"&&\"",
"标题":"title=\"&&\"",
"链接":"href=\"/fcw/es&&.html\"",
"副标题":"<div class=\"duration\">&&</div>",
"链接前缀":"https://juyouav.vip/fcw/seplay",
"链接后缀":"-1-1.html",
//"搜索数组":"<div class=\"item\"&&</div>",
"搜索图片":"data-original=\"&&\"",
"搜索标题":"title=\"&&\"",
"搜索链接": "href=\"/fcw/es&&.html\"",
"搜索副标题":"<div class=\"duration\">&&</div>",
"搜索模式":"1",
"搜索url":"https://juyouav.vip/fcw/vod/search/wd/{wd}.html",
"搜索链接前缀":"https://juyouav.vip/fcw/seplay",
"搜索链接后缀":"-1-1.html",
"简介":"<p>&&</p>",
"分类url":"https://juyouav.vip/fcw/{cateId}-{catePg}.html",
"免嗅":"1"
}