{
"站名":"国产传媒",
"主页url":"https://juyouav.vip/gccm/",
"直接播放":"1",
"分类":"麻豆原创$st-b#91制片厂$st-c#糖心Vlgo$st-q#天美传媒$st-d#蜜桃传媒$st-e#皇家华人$st-f#星空传媒$st-g#精东影业$st-h#乐播传媒$st-i#乌鸦传媒$st-j#兔子先生$st-k#杏吧原创$st-i#MINI传媒$st-m#大象传媒$st-n#开心鬼传媒$st-o#PsychoPorn$st-p",
//"数组":"<div class=\"item\"&&</div>",
"图片":"data-original=\"&&\"",
"标题":"title=\"&&\"",
"链接":"href=\"/gccm/ts&&.html\"",
"副标题":"<div class=\"duration\">&&</div>",
"链接前缀":"https://juyouav.vip/gccm/stplay",
"链接后缀": "-1-1.html",
//"搜索数组":"<div class=\"item\"&&</div>",
"搜索图片": "data-original=\"&&\"",
"搜索标题":"title=\"&&\"",
"搜索链接": "href=\"/gccm/ts&&.html\"",
"搜索副标题":"<div class=\"duration\">&&</div>",
"搜索链接前缀":"https://juyouav.vip/gccm/stlay",
"搜索链接后缀":"-1-1.html",
"搜索模式": "1",
"搜索url":"https://juyouav.vip/gccm/vod/search/wd/{wd}.html",
"简介":"<p>&&</p>",
"分类url":"https://juyouav.vip/gccm/{cateId}-{catePg}.html",
"免嗅":"1"
}