{
"站名":"久久热资源",
"主页url":"https://juyouav.vip/99re/",
"直接播放":"1",
"分类":"国产自拍$sr-kb#欧美$sr-R#中文字幕$sr-S#李宗瑞全集$sr-T#日本无码$sr-U#加勒比$sr-V#日本有码$sr-W#一本道$sr-X#高清$sr-Y#潮吹$sr-bb#会员认证作品$sr-cb#制服丝袜$sr-db#口爆颜射$sr-eb#肛交$sr-fb#东京热$sr-gb#$小格式综合sr-hb#女主播系列$sr-ib#成人动漫$sr-jb#SM性虐$sr-lb#韩国综合$sr-mb",
//"数组":"<div class=\"item\"&&</div>",
"图片":"data-original=\"&&\"",
"标题":"title=\"&&\"",
"链接":"href=\"/99re/rs&&.html\"",
"副标题":"<div class=\"duration\">&&</div>",
"链接前缀":"https://juyouav.vip/99re/srplay",
"链接后缀": "-1-1.html",
//"搜索数组":"<div class=\"item\"&&</div>",
"搜索图片": "data-original=\"&&\"",
"搜索标题":"title=\"&&\"",
"搜索链接": "href=\"/99re/rs&&.html\"",
"搜索副标题":"<div class=\"duration\">&&</div>",
"搜索模式": "1",
"搜索url":"https://juyouav.vip/99re/vod/search/wd/{wd}.html",
"搜索链接前缀":"https://juyouav.vip/99re/srplay",
"搜索链接后缀":"-1-1.html",
"简介":"<p>&&</p>",
"分类url":"https://juyouav.vip/99re/{cateId}-{catePg}.html",
"免嗅":"1"
}