{"name": "聚优桃花资源",
"url": "https://www.2024xxj.com",
"tihuan": "cnzz.com",
"User": "空",
"shouye": "0",
"fenlei": "无码中文字幕$/?ju=thlt-thltfl-1-#有码中文字幕$/?ju=thlt-thltfl-2-#精品国产视频$/?ju=thlt-thltfl-3-#欧美高清视频$/?ju=thlt-thltfl-4-#成人动漫动画$/?ju=thlt-thltfl-5-",
"houzhui": ".html",
"shifouercijiequ": "0",
"jiequqian": "空",
"jiequhou": "空",
"jiequshuzuqian": "class=\"uk-width-1-5",
"jiequshuzuhou": "</a>",
"tupianqian": "src=\"",
"tupianhou": "\"",
"biaotiqian": "alt=\"",
"biaotihou": "\"",
"lianjieqian": "href=\"",
"lianjiehou": "\"",
"sousuoqian": "/?m=search-type-so-0.html&TXT=",
"sousuohou": "&submit=",
"sousuohouzhui": "/detail/",
"ssmoshi": "1",
"sousuoshifouercijiequ": "0",
"jspic": "空",
"jsname": "空",
"jsid": "空",
"ssjiequqian": "空",
"ssjiequhou": "空",
"ssjiequshuzuqian": "class=\"uk-width-1-5",
"ssjiequshuzuhou": "</a>",
"sstupianqian": "data-original=\"",
"sstupianhou": "\"",
"ssbiaotiqian": "alt=\"",
"ssbiaotihou": "\"",
"sslianjieqian": "href=\"",
"sslianjiehou": "\"",
"bfshifouercijiequ": "0",
"bfjiequqian": "空",
"bfjiequhou": "空",
"bfjiequshuzuqian": "class=\"read-btn uk-margin-bottom",
"bfjiequshuzuhou": "</div>",
"zhuangtaiqian": "影片分类:<span>",
"zhuangtaihou": "</p>",
"daoyanqian": "更新时间:<span>",
"daoyanhou": "</p>",
"zhuyanqian": "class=\"data\">主演：",
"zhuyanhou": "</p>",
"juqingqian": "<h3",
"juqinghou": "</h3>",
"bfyshifouercijiequ": "0",
"bfyjiequqian": "空",
"bfyjiequhou": "空",
"bfyjiequshuzuqian": "<a",
"bfyjiequshuzuhou": "/a>",
"bfbiaotiqian": ">",
"bfbiaotihou": "<",
"bflianjieqian": "href=\"",
"bflianjiehou": "\""
}