{
    "spider": "./0723.jar",
    "lives": [
        {
            "group": "redirect",
            "channels": [
                {
                    "name": "redirect",
                    "urls": [
                        "proxy://do=live&type=txt&ext=aHR0cHM6Ly9naXRlYS5jb20vWW91cnNtaWxlL1RWQm94L3Jhdy9icmFuY2gvbWFpbi9saXZlLnR4dA=="
                    ]
                }
            ]
        }
    ],
    "sites": [
        {
            "key": "GAOAA",
            "name": "🥒GAOAA",
            "type": 3,
            "api": "csp_XBiubiu",
            "searchable": 1,
            "quickSearch": 1,
            "filterable": 0,
            "ext": "./GAOAA.json"
        },
        {
            "key": "hkzy",
            "name": "🥒hkzy",
            "type": 3,
            "api": "csp_XBiubiu",
            "searchable": 1,
            "quickSearch": 1,
            "filterable": 0,
            "ext": "./hkzy.json"
        },
        {
            "key": "1",
            "name": "1",
            "type": 3,
            "api": "csp_XBiubiu",
            "searchable": 1,
            "quickSearch": 1,
            "filterable": 0,
            "ext": "./1.json"
        },
        {
            "key": "2",
            "name": "2",
            "type": 3,
            "api": "csp_XBiubiu",
            "searchable": 1,
            "quickSearch": 1,
            "filterable": 0,
            "ext": "./2.json"
        },
        {
            "key": "3",
            "name": "3",
            "type": 3,
            "api": "csp_XBiubiu",
            "searchable": 1,
            "quickSearch": 1,
            "filterable": 0,
            "ext": "./3.json"
        },
        {
            "key": "4",
            "name": "4",
            "type": 3,
            "api": "csp_XBiubiu",
            "searchable": 1,
            "quickSearch": 1,
            "filterable": 0,
            "ext": "./4.json"
        },
        {
            "key": "5",
            "name": "5",
            "type": 3,
            "api": "csp_XBiubiu",
            "searchable": 1,
            "quickSearch": 1,
            "filterable": 0,
            "ext": "./5.json"
        },
        {
            "key": "6",
            "name": "6",
            "type": 3,
            "api": "csp_XBiubiu",
            "searchable": 1,
            "quickSearch": 1,
            "filterable": 0,
            "ext": "./6.json"
        },
        {
            "key": "7",
            "name": "7",
            "type": 3,
            "api": "csp_XBiubiu",
            "searchable": 1,
            "quickSearch": 1,
            "filterable": 0,
            "ext": "./7.json"
        },
        {
            "key": "8",
            "name": "8",
            "type": 3,
            "api": "csp_XBiubiu",
            "searchable": 1,
            "quickSearch": 1,
            "filterable": 0,
            "ext": "./8.json"
        },
        {
            "key": "9",
            "name": "9",
            "type": 3,
            "api": "csp_XBiubiu",
            "searchable": 1,
            "quickSearch": 1,
            "filterable": 0,
            "ext": "./9.json"
        },
        {
            "key": "11",
            "name": "11",
            "type": 3,
            "api": "csp_XBiubiu",
            "searchable": 1,
            "quickSearch": 1,
            "filterable": 0,
            "ext": "./11.json"
        },
        {
            "key": "12",
            "name": "12",
            "type": 3,
            "api": "csp_XBiubiu",
            "searchable": 1,
            "quickSearch": 1,
            "filterable": 0,
            "ext": "./12.json"
        },
        {
        "key": "13",
        "name": "13",
        "type": 3,
        "api": "csp_XBiubiu",
        "searchable": 1,
        "quickSearch": 1,
        "filterable": 0,
        "ext": "./13.json"
        },
        {
        "key": "14",
        "name": "14",
        "type": 3,
        "api": "csp_XBiubiu",
        "searchable": 1,
        "quickSearch": 1,
        "filterable": 0,
        "ext": "./14.json"
        },
        {
        "key": "15",
        "name": "15",
        "type": 3,
        "api": "csp_XBiubiu",
        "searchable": 1,
        "quickSearch": 1,
        "filterable": 0,
        "ext": "./15.json"
        },
        {
        "key": "16",
        "name": "16",
        "type": 3,
        "api": "csp_XBiubiu",
        "searchable": 1,
        "quickSearch": 1,
        "filterable": 0,
        "ext": "./16.json"
        },
        {
        "key": "17",
        "name": "17",
        "type": 3,
        "api": "csp_XBiubiu",
        "searchable": 1,
        "quickSearch": 1,
        "filterable": 0,
        "ext": "./17.json"
        },
        {
        "key": "18",
        "name": "18",
        "type": 3,
        "api": "csp_XBiubiu",
        "searchable": 1,
        "quickSearch": 1,
        "filterable": 0,
        "ext": "./18.json"
        },
        {
        "key": "19",
        "name": "19",
        "type": 3,
        "api": "csp_XBiubiu",
        "searchable": 1,
        "quickSearch": 1,
        "filterable": 0,
        "ext": "./19.json"
        },
        {
        "key": "21",
        "name": "21",
        "type": 3,
        "api": "csp_XBiubiu",
        "searchable": 1,
        "quickSearch": 1,
        "filterable": 0,
        "ext": "./21.json"
        },
        {
        "key": "22",
        "name": "22",
        "type": 3,
        "api": "csp_XBiubiu",
        "searchable": 1,
        "quickSearch": 1,
        "filterable": 0,
        "ext": "./22.json"
        },
        {
        "key": "23",
        "name": "23",
        "type": 3,
        "api": "csp_XBiubiu",
        "searchable": 1,
        "quickSearch": 1,
        "filterable": 0,
        "ext": "./23.json"
        },
        {
        "key": "24",
        "name": "24",
        "type": 3,
        "api": "csp_XBiubiu",
        "searchable": 1,
        "quickSearch": 1,
        "filterable": 0,
        "ext": "./24.json"
        },
        {
        "key": "25",
        "name": "25",
        "type": 3,
        "api": "csp_XBiubiu",
        "searchable": 1,
        "quickSearch": 1,
        "filterable": 0,
        "ext": "./25.json"
        },
        {
        "key": "26",
        "name": "26",
        "type": 3,
        "api": "csp_XBiubiu",
        "searchable": 1,
        "quickSearch": 1,
        "filterable": 0,
        "ext": "./26.json"
        },
        {
        "key": "27",
        "name": "27",
        "type": 3,
        "api": "csp_XBiubiu",
        "searchable": 1,
        "quickSearch": 1,
        "filterable": 0,
        "ext": "./27.json"
        },
        {
        "key": "28",
        "name": "28",
        "type": 3,
        "api": "csp_XBiubiu",
        "searchable": 1,
        "quickSearch": 1,
        "filterable": 0,
        "ext": "./28.json"
        },
        {
        "key": "29",
        "name": "29",
        "type": 3,
        "api": "csp_XBiubiu",
        "searchable": 1,
        "quickSearch": 1,
        "filterable": 0,
        "ext": "./29.json"
        },
        {
        "key": "30",
        "name": "30",
        "type": 3,
        "api": "csp_XBiubiu",
        "searchable": 1,
        "quickSearch": 1,
        "filterable": 0,
        "ext": "./30.json"
        },
        {
        "key": "31",
        "name": "31",
        "type": 3,
        "api": "csp_XBiubiu",
        "searchable": 1,
        "quickSearch": 1,
        "filterable": 0,
        "ext": "./31.json"
        },
        {
        "key": "32",
        "name": "32",
        "type": 3,
        "api": "csp_XBiubiu",
        "searchable": 1,
        "quickSearch": 1,
        "filterable": 0,
        "ext": "./32.json"
        },
        {
            "key": "csp_在线电影",
            "name": "🥒在线电影",
            "type": 3,
            "api": "csp_XBiubiu",
            "searchable": 1,
            "quickSearch": 1,
            "filterable": 0,
            "ext": "./canuse/在线电影.json"
        }
    ],
    "parses": [
        {
            "name": "解析聚合",
            "type": 3,
            "url": "Demo"
        },
        {
            "name": "Json并发",
            "type": 2,
            "url": "Parallel"
        },
        {
            "name": "Json轮询",
            "type": 2,
            "url": "Sequence"
        },
        {
            "name": "GGTV快速",
            "type": 1,
            "url": "https://play.fuqizhishi.com/ganggang/API.php?appkey=QQ172598364&url="
        },
        {
            "name": "OKjx综合",
            "type": 0,
            "url": "https://okjx.cc/?url="
        }
    ],
    "flags": [
        "youku",
        "qq",
        "iqiyi",
        "imgo",
        "xueren",
        "m1905",
        "qiyi",
        "letv",
        "sohu",
        "tudou",
        "pptv",
        "dbm3u8",
        "mgtv",
        "wasu",
        "bilibili",
        "le",
        "duoduozy",
        "renrenmi",
        "xigua",
        "优酷",
        "西瓜",
        "乐视",
        "芒果",
        "腾讯",
        "爱奇艺",
        "奇艺",
        "ltnb",
        "rx",
        "CL4K",
        "xfyun",
        "wuduzy",
        "哔哩哔哩",
        "哔哩"
    ],
    "ijk": [
        {
            "group": "软解码",
            "options": [
                {
                    "category": 4,
                    "name": "opensles",
                    "value": "0"
                },
                {
                    "category": 4,
                    "name": "overlay-format",
                    "value": "842225234"
                },
                {
                    "category": 4,
                    "name": "framedrop",
                    "value": "1"
                },
                {
                    "category": 4,
                    "name": "soundtouch",
                    "value": "1"
                },
                {
                    "category": 4,
                    "name": "start-on-prepared",
                    "value": "1"
                },
                {
                    "category": 1,
                    "name": "http-detect-range-support",
                    "value": "0"
                },
                {
                    "category": 1,
                    "name": "fflags",
                    "value": "fastseek"
                },
                {
                    "category": 2,
                    "name": "skip_loop_filter",
                    "value": "48"
                },
                {
                    "category": 4,
                    "name": "reconnect",
                    "value": "1"
                },
                {
                    "category": 4,
                    "name": "enable-accurate-seek",
                    "value": "0"
                },
                {
                    "category": 4,
                    "name": "mediacodec",
                    "value": "0"
                },
                {
                    "category": 4,
                    "name": "mediacodec-auto-rotate",
                    "value": "0"
                },
                {
                    "category": 4,
                    "name": "mediacodec-handle-resolution-change",
                    "value": "0"
                },
                {
                    "category": 4,
                    "name": "mediacodec-hevc",
                    "value": "0"
                },
                {
                    "category": 1,
                    "name": "dns_cache_timeout",
                    "value": "600000000"
                }
            ]
        },
        {
            "group": "硬解码",
            "options": [
                {
                    "category": 4,
                    "name": "opensles",
                    "value": "0"
                },
                {
                    "category": 4,
                    "name": "overlay-format",
                    "value": "842225234"
                },
                {
                    "category": 4,
                    "name": "framedrop",
                    "value": "1"
                },
                {
                    "category": 4,
                    "name": "soundtouch",
                    "value": "1"
                },
                {
                    "category": 4,
                    "name": "start-on-prepared",
                    "value": "1"
                },
                {
                    "category": 1,
                    "name": "http-detect-range-support",
                    "value": "0"
                },
                {
                    "category": 1,
                    "name": "fflags",
                    "value": "fastseek"
                },
                {
                    "category": 2,
                    "name": "skip_loop_filter",
                    "value": "48"
                },
                {
                    "category": 4,
                    "name": "reconnect",
                    "value": "1"
                },
                {
                    "category": 4,
                    "name": "enable-accurate-seek",
                    "value": "0"
                },
                {
                    "category": 4,
                    "name": "mediacodec",
                    "value": "1"
                },
                {
                    "category": 4,
                    "name": "mediacodec-auto-rotate",
                    "value": "1"
                },
                {
                    "category": 4,
                    "name": "mediacodec-handle-resolution-change",
                    "value": "1"
                },
                {
                    "category": 4,
                    "name": "mediacodec-hevc",
                    "value": "1"
                },
                {
                    "category": 1,
                    "name": "dns_cache_timeout",
                    "value": "600000000"
                }
            ]
        }
    ],
    "wallpaper": "http://52bsj.vip:82/late",
    "ads": [
        "mimg.0c1q0l.cn",
        "www.googletagmanager.com",
        "www.google-analytics.com",
        "mc.usihnbcq.cn",
        "mg.g1mm3d.cn",
        "mscs.svaeuzh.cn",
        "cnzz.hhttm.top",
        "tp.vinuxhome.com",
        "cnzz.mmstat.com",
        "www.baihuillq.com",
        "s23.cnzz.com",
        "z3.cnzz.com",
        "c.cnzz.com",
        "stj.v1vo.top",
        "z12.cnzz.com",
        "img.mosflower.cn",
        "tips.gamevvip.com",
        "ehwe.yhdtns.com",
        "xdn.cqqc3.com",
        "www.jixunkyy.cn",
        "sp.chemacid.cn",
        "hm.baidu.com",
        "s9.cnzz.com",
        "z6.cnzz.com",
        "um.cavuc.com",
        "mav.mavuz.com",
        "wofwk.aoidf3.com",
        "z5.cnzz.com",
        "xc.hubeijieshikj.cn",
        "tj.tianwenhu.com",
        "xg.gars57.cn",
        "k.jinxiuzhilv.com",
        "cdn.bootcss.com",
        "ppl.xunzhuo123.com",
        "xomk.jiangjunmh.top",
        "img.xunzhuo123.com",
        "z1.cnzz.com",
        "s13.cnzz.com",
        "xg.huataisangao.cn",
        "z7.cnzz.com",
        "xg.huataisangao.cn",
        "z2.cnzz.com",
        "s96.cnzz.com",
        "q11.cnzz.com",
        "thy.dacedsfa.cn",
        "xg.whsbpw.cn",
        "s19.cnzz.com",
        "z8.cnzz.com",
        "s4.cnzz.com",
        "f5w.as12df.top",
        "ae01.alicdn.com",
        "www.92424.cn",
        "k.wudejia.com",
        "vivovip.mmszxc.top",
        "qiu.xixiqiu.com",
        "cdnjs.hnfenxun.com",
        "cms.qdwght.com"
    ]
}