{
    "title": "分享短视频",
    "author": "香雅情",
    "UserAgent":"",
    "firstpage": "1",
    "class_url": "http://www.sharenice.net/{cateId}?page={catePg}[firstPage=http://www.sharenice.net/{cateId}]",
    "class_name": "快手&微视&场库&抖音&火山&体育&美拍&秒拍&全民&梨&好兔&美女&正能量&搞笑&社会&游戏&娱乐&旅游&萌系&生活&音乐&美食&明星&动漫&影视&时尚",
    "class_value": "kuaishou&weishi&changku&douyin&huoshan&tags/t-5L2T6IKy.html&meipai&miaopai&quanmin&lishipin&haotu&tags/t-576O5aWz.html&tags/t-5q2j6IO96YeP.html&tags/t-5pCe56yR.html&tags/t-56S+5Lya.html&tags/t-5ri45oiP.html&tags/t-5aix5LmQ.html&tags/t-5peF5ri4.html&tags/t-6JCM57O7.html&tags/t-55Sf5rS7.html&tags/t-6Z+z5LmQ.html&tags/t-576O6aOf.html&tags/t-5piO5pif.html&tags/t-5Yqo5ryr.html&tags/t-5b2x6KeG.html&tags/t-5pe25bCa.html",
    "filterdata":{},
    "cat_YN_twice": "1",
    "cat_twice_pre": "class=\"main-container\">",
    "cat_twice_suf": "<div class=\"page",
    "cat_arr_pre": "<li",
    "cat_arr_suf": "</li>",
    "cat_pic": "original=\"&&\"",
    "cat_title": "title=\"&&\"",
    "cat_subtitle": "",
    "cat_url": "href=\"&&\"",
    "cat_prefix": "",
    "cat_suffix": "",
    "search_url": "",
    "search_mode": "0",
    "jsonpic": "pic",
    "jsonname": "name",
    "jsonid": "id",
    "jsonstitle":"",
    "sea_YN_twice": "",
    "sea_twice_pre": "",
    "sea_twice_suf": "",
    "sea_arr_pre": "",
    "sea_arr_suf": "",
    "sea_pic": "",
    "sea_title": "",
    "sea_url": "",
    "search_prefix": "",
    "search_suffix": "",
    "sea_subtitle": "",
    "force_play": "1",
    "play_prefix": "",
    "play_suffix": "",
    "play_header": "空",
    "proj_actor": "空",
    "proj_plot": "",
    "tab_YN_twice": "0",
    "tab_twice_pre": "",
    "tab_twice_suf": "",
    "tab_arr_pre": "",
    "tab_arr_suf": "",
    "tab_title": "",
    "list_YN_twice": "0",
    "list_twice_pre": "空",
    "list_twice_suf": "空",
    "list_arr_pre": "",
    "list_arr_suf": "",
    "epi_YN_twice": "0",
    "epi_twice_pre": "空",
    "epi_twice_suf": "空",
    "epi_arr_pre": "",
    "epi_arr_suf": "",
    "epi_title": "",
    "epi_url": "",
    "epiurl_prefix": "",
    "epiurl_suffix": ""
    
}
