{
  "classes": [
    {
      "type_name":"吾爱评测整理",
      "type_id": "吾爱评测"
    },
    {
      "type_name": "舞蹈",
      "type_id": "舞蹈"
    },
    {
      "type_name": "宅舞",
      "type_id": "宅舞"
    },
    {
      "type_name": "街舞",
      "type_id": "街舞"
    },
   {
      "type_name": "拉丁",
      "type_id": "拉丁舞蹈"
    },
    {
      "type_name": "探戈",
      "type_id": "探戈"
    },
    {
      "type_name": "印度舞蹈",
      "type_id": "印度舞蹈"
    },
    {
      "type_name": "中国女团",
      "type_id": "中国女团"
    },
 {
      "type_name": "韩国女团",
      "type_id": "韩国女团"
    },

    {
      "type_name": "日本女团",
      "type_id": "日本女团"
    }
    

  ],
  "filter": {





"舞蹈": [
{"key": "order","name": "排序","value": [
{"n": "综合排序","v": "0"},
{"n": "最多点击","v": "click"},
{"n": "最新发布","v": "pubdate"},
{"n": "最多弹幕","v": "dm"},
{"n": "最多收藏","v": "stow"}
]
},
   {
        "key": "tid",
        "name": "分类",
        "value": [
          {
            "n": "街舞",
            "v": "街舞"
          },
           {
            "n": "宅舞",
            "v": "宅舞"
          },
          {
            "n": "拉丁",
            "v": "拉丁舞蹈"
            },

               {
            "n": "探戈",
            "v": "探戈"
          },
          {
            "n": "印度舞蹈",
            "v": "印度舞蹈"
          },
          {
            "n": "中国女团",
            "v": "中国女团"
          },
          {
            "n": "日本女团",
            "v": "日本女团"
          },
          {
            "n": "韩国女团",
            "v": "韩国女团"
          }
            ]
            },

{"key": "duration","name": "时长","value": [
{"n": "全部时长","v": "0"},
{"n": "60分钟以上","v": "4"},
{"n": "30~60分钟","v": "3"},
{"n": "10~30分钟","v": "2"},
{"n": "10分钟以下","v": "1"}

]
}
],



   "MV": [
{"key": "order","name": "排序","value": [
{"n": "综合排序","v": "0"},
{"n": "最多点击","v": "click"},
{"n": "最新发布","v": "pubdate"},
{"n": "最多弹幕","v": "dm"},
{"n": "最多收藏","v": "stow"}
]
},

      {
        "key": "tid",
        "name": "分类",
        "value": [
          {
            "n": "全部",
            "v": "MV"
          },
          {
            "n": "周杰伦",
            "v": "周杰伦MV"
          },
          {
            "n": "陈奕迅",
            "v": "陈奕迅MV"
          },
          {
            "n": "Beyond",
            "v": "Beyond  MV"
          },
          {
            "n": "刘德华",
            "v": "刘德华MV"
          },
          {
            "n": "郭富城",
            "v": "郭富城MV"
          },
          {
            "n": "张学友",
            "v": "张学友MV"
          },
          {
            "n": "黎明",
            "v": "黎明MV"
          },
          {
            "n": "李宗盛",
            "v": "李宗盛MV"
          },
          {
            "n": "邓丽君",
            "v": "邓丽君MV"
          },
          {
            "n": "朴树",
            "v": "朴树MV"
          },
          {
            "n": "林子祥",
            "v": "林子祥MV"
          },
          {
            "n": "任贤齐",
            "v": "任贤齐MV"
          },
          {
            "n": "张信哲",
            "v": "张信哲MV"
          },
          {
            "n": "孙楠",
            "v": "孙楠MV"
          },
          {
            "n": "张宇",
            "v": "张宇MV"
          },
          {
            "n": "周华健",
            "v": "周华健MV"
          },
          {
            "n": "蔡依林",
            "v": "蔡依林MV"
          },
          {
            "n": "薛之谦",
            "v": "薛之谦MV"
          },
          {
            "n": "洛天依",
            "v": "洛天依MV"
          },
          {
            "n": "初音未来",
            "v": "初音未来MV"
          },
          {
            "n": "许嵩",
            "v": "许嵩MV"
          },
          {
            "n": "戴佩妮",
            "v": "戴佩妮MV"
          },
          {
            "n": "邓紫棋",
            "v": "邓紫棋MV"
          },
          {
            "n": "张韶涵",
            "v": "张韶涵MV"
          },
          {
            "n": "蔡健雅",
            "v": "蔡健雅MV"
          },
          {
            "n": "莫文蔚",
            "v": "莫文蔚MV"
          },
          {
            "n": "刘若英",
            "v": "刘若英MV"
          },
          {
            "n": "周深",
            "v": "周深MV"
          },
          {
            "n": "毛不易",
            "v": "毛不易MV"
          },
          {
            "n": "汪苏泷",
            "v": "汪苏泷MV"
          },
          {
            "n": "李宇春",
            "v": "李宇春MV"
          },
          {
            "n": "徐佳莹",
            "v": "徐佳莹MV"
          },
          {
            "n": "杨宗纬",
            "v": "杨宗纬MV"
          },
          {
            "n": "胡彦斌",
            "v": "胡彦斌MV"
          },
          {
            "n": "杨千嬅",
            "v": "杨千嬅MV"
          },
          {
            "n": "张靓颖",
            "v": "张靓颖MV"
          },
          {
            "n": "李荣浩",
            "v": "李荣浩MV"
          },
          {
            "n": "杨丞琳",
            "v": "杨丞琳MV"
          },
          {
            "n": "林志炫",
            "v": "林志炫MV"
          },
          {
            "n": "陶喆",
            "v": "陶喆MV"
          },
          {
            "n": "胡夏",
            "v": "胡夏MV"
          },
          {
            "n": "李玉刚",
            "v": "李玉刚MV"
          },
          {
            "n": "弦子",
            "v": "弦子MV"
          },
          {
            "n": "陈小春",
            "v": "陈小春MV"
          },
          {
            "n": "萧亚轩",
            "v": "萧亚轩MV"
          },
          {
            "n": "鹿晗",
            "v": "鹿晗MV"
          },
          {
            "n": "纵贯线",
            "v": "纵贯线MV"
          },
          {
            "n": "许巍",
            "v": "许巍MV"
          },
          {
            "n": "林俊杰",
            "v": "林俊杰MV"
          },
          {
            "n": "赵雷",
            "v": "赵雷MV"
          },
          {
            "n": "谭咏麟",
            "v": "谭咏麟MV"
          },
          {
            "n": "凤凰传奇",
            "v": "凤凰传奇MV"
          },
          {
            "n": "容祖儿",
            "v": "容祖儿MV"
          },
          {
            "n": "周传雄",
            "v": "周传雄MV"
          },
          {
            "n": "SHE",
            "v": "SHE  MV"
          },
          {
            "n": "苏打绿",
            "v": "苏打绿MV"
          },
          {
            "n": "五月天",
            "v": "五月天MV"
          },
          {
            "n": "张国荣",
            "v": "张国荣MV"
          },
          {
            "n": "梅艳芳",
            "v": "梅艳芳MV"
          },
          {
            "n": "孙燕姿",
            "v": "孙燕姿MV"
          },
          {
            "n": "李健",
            "v": "李健MV"
          },
          {
            "n": "华晨宇",
            "v": "华晨宇MV"
          },
          {
            "n": "袁娅维",
            "v": "袁娅维MV"
          },
          {
            "n": "大张伟",
            "v": "大张伟MV"
          },
          {
            "n": "TFBOYS",
            "v": "TFBOYS  MV"
          },
          {
            "n": "田馥甄",
            "v": "田馥甄MV"
          },
          {
            "n": "小虎队",
            "v": "小虎队MV"
          },
          {
            "n": "张杰",
            "v": "张杰MV"
          },
          {
            "n": "王菲",
            "v": "王菲MV"
          },
          {
            "n": "伍佰",
            "v": "伍佰MV"
          },
          {
            "n": "刀郎",
            "v": "刀郎MV"
          },
          {
            "n": "草蜢",
            "v": "草蜢MV"
          },
          {
            "n": "潘玮柏",
            "v": "潘玮柏MV"
          },
          {
            "n": "梁静茹",
            "v": "梁静茹MV"
          },
          {
            "n": "林宥嘉",
            "v": "林宥嘉MV"
          },
          {
            "n": "蔡徐坤",
            "v": "蔡徐坤MV"
          },
          {
            "n": "周慧敏",
            "v": "周慧敏MV"
          },
          {
            "n": "李圣杰",
            "v": "李圣杰MV"
          },
          {
            "n": "张惠妹",
            "v": "张惠妹MV"
          },
          {
            "n": "萧敬腾",
            "v": "萧敬腾MV"
          },
          {
            "n": "周笔畅",
            "v": "周笔畅MV"
          },
          {
            "n": "焦迈奇",
            "v": "焦迈奇MV"
          },
          {
            "n": "尤长靖",
            "v": "尤长靖MV"
          },
          {
            "n": "郑中基",
            "v": "郑中基MV"
          },
          {
            "n": "谭维维",
            "v": "谭维维MV"
          },
          {
            "n": "陈慧娴",
            "v": "陈慧娴MV"
          },
          {
            "n": "张艺兴",
            "v": "张艺兴MV"
          },
          {
            "n": "王嘉尔",
            "v": "王嘉尔MV"
          },
          {
            "n": "刘宪华",
            "v": "刘宪华MV"
          },
          {
            "n": "张敬轩",
            "v": "张敬轩MV"
          },
          {
            "n": "李克勤",
            "v": "李克勤MV"
          },
          {
            "n": "阿杜",
            "v": "阿杜MV"
          },
          {
            "n": "郭静",
            "v": "郭静MV"
          },
          {
            "n": "崔健",
            "v": "崔健MV"
          },
          {
            "n": "庾澄庆",
            "v": "庾澄庆MV"
          },
          {
            "n": "汪峰",
            "v": "汪峰MV"
          },
          {
            "n": "那英",
            "v": "那英MV"
          },
          {
            "n": "杨坤",
            "v": "杨坤MV"
          },
          {
            "n": "叶倩文",
            "v": "叶倩文MV"
          },
          {
            "n": "王心凌",
            "v": "王心凌MV"
          },
          {
            "n": "张震岳",
            "v": "张震岳MV"
          },
          {
            "n": "韩红",
            "v": "韩红MV"
          },
          {
            "n": "齐秦",
            "v": "齐秦MV"
          },
          {
            "n": "张雨生",
            "v": "张雨生MV"
          },
          {
            "n": "黄品源",
            "v": "黄品源MV"
          },
          {
            "n": "林忆莲",
            "v": "林忆莲MV"
          },
          {
            "n": "丁当",
            "v": "丁当MV"
          },
          {
            "n": "郑智化",
            "v": "郑智化MV"
          },
          {
            "n": "李玟",
            "v": "李玟MV"
          },
          {
            "n": "谢霆锋",
            "v": "谢霆锋MV"
          },
          {
            "n": "黄小琥",
            "v": "黄小琥MV"
          },
          {
            "n": "徐小凤",
            "v": "徐小凤MV"
          },
          {
            "n": "任嘉伦",
            "v": "任嘉伦MV"
          },
          {
            "n": "卓依婷",
            "v": "卓依婷MV"
          },
          {
            "n": "逃跑计划",
            "v": "逃跑计划MV"
          },
          {
            "n": "青鸟飞鱼",
            "v": "青鸟飞鱼MV"
          },
          {
            "n": "飞儿乐队",
            "v": "飞儿乐队MV"
          },
          {
            "n": "花儿乐队",
            "v": "花儿乐队MV"
          },
          {
            "n": "南拳妈妈",
            "v": "南拳妈妈MV"
          },
          {
            "n": "水木年华",
            "v": "水木年华MV"
          },
          {
            "n": "动力火车",
            "v": "动力火车MV"
          },
          {
            "n": "筷子兄弟",
            "v": "筷子兄弟MV"
          },
          {
            "n": "鹿先森乐队",
            "v": "鹿先森乐队MV"
          },
          {
            "n": "信乐队",
            "v": "信乐队MV"
          },
          {
            "n": "旅行团乐队",
            "v": "旅行团乐队MV"
          },
          {
            "n": "By2",
            "v": "By2 MV"
          },
          {
            "n": "郁可唯",
            "v": "郁可唯MV"
          },
          {
            "n": "宋亚森",
            "v": "宋亚森MV"
          },
          {
            "n": "费玉清",
            "v": "费玉清MV"
          },
          {
            "n": "费翔",
            "v": "费翔MV"
          },
          {
            "n": "金志文",
            "v": "金志文MV"
          },
          {
            "n": "黄家强",
            "v": "黄家强MV"
          },
          {
            "n": "方大同",
            "v": "方大同MV"
          },
          {
            "n": "吴克群",
            "v": "吴克群MV"
          },
          {
            "n": "罗大佑",
            "v": "罗大佑MV"
          },
          {
            "n": "光良",
            "v": "光良MV"
          },
          {
            "n": "田震",
            "v": "田震MV"
          },
          {
            "n": "凤飞飞",
            "v": "凤飞飞MV"
          },
          {
            "n": "谭晶",
            "v": "谭晶MV"
          },
          {
            "n": "王杰",
            "v": "王杰MV"
          },
          {
            "n": "羽泉",
            "v": "羽泉MV"
          },
          {
            "n": "金池",
            "v": "金池MV"
          },
          {
            "n": "屠洪刚",
            "v": "屠洪刚MV"
          },
          {
            "n": "戴荃",
            "v": "戴荃MV"
          },
          {
            "n": "郭采洁",
            "v": "郭采洁MV"
          },
          {
            "n": "罗志祥",
            "v": "罗志祥MV"
          },
          {
            "n": "王力宏",
            "v": "王力宏MV"
          },
          {
            "n": "林肯公园",
            "v": "林肯公园MV"
          },
          {
            "n": "迈克尔杰克逊",
            "v": "迈克尔杰克逊MV"
          },
          {
            "n": "泰勒·斯威夫特",
            "v": "泰勒·斯威夫特MV"
          },
          {
            "n": "阿黛尔",
            "v": "阿黛尔MV"
          },
          {
            "n": "BIGBANG",
            "v": "BIGBANG MV"
          },
          {
            "n": "LadyGaga",
            "v": "LadyGaga"
          },
          {
            "n": "贾斯丁比伯",
            "v": "贾斯丁比伯MV"
          },
          {
            "n": "中岛美雪",
            "v": "中岛美雪MV"
          },
          {
            "n": "仓木麻衣",
            "v": "仓木麻衣MV"
          },
          {
            "n": "后街男孩",
            "v": "后街男孩MV"
          },
          {
            "n": "布兰妮",
            "v": "布兰妮MV"
          },
          {
            "n": "夜愿乐队",
            "v": "夜愿乐队MV"
          }
        ]
      },
      {
        "key": "duration",
        "name": "时长",
        "value": [
          {
            "n": "全部",
            "v": "0"
          },
          {
            "n": "60分钟以上",
            "v": "4"
          },
          {
            "n": "30~60分钟",
            "v": "3"
          },
          {
            "n": "10~30分钟",
            "v": "2"
          },
          {
            "n": "10分钟以下",
            "v": "1"
          }
]
}
],


"体育": [
{"key": "order","name": "排序","value": [
{"n": "综合排序","v": "0"},
{"n": "最多点击","v": "click"},
{"n": "最新发布","v": "pubdate"},
{"n": "最多弹幕","v": "dm"},
{"n": "最多收藏","v": "stow"}
]
},
   {
        "key": "tid",
        "name": "分类",
        "value": [
          {
            "n": "全部",
            "v": "体育"
          },
           {
            "n": "足球",
            "v": "足球"
          },
          {
            "n": "篮球",
            "v": "篮球"
            },

               {
            "n": "健身",
            "v": "健身操"
          },
          {
            "n": "排球",
            "v": "排球赛事"
          },
          {
            "n": "乒乓球",
            "v": "乒乓球赛事"
          },
          {
            "n": "网球",
            "v": "网球赛事"
          },
          {
            "n": "举重",
            "v": "举重赛事"
          },
          {
            "n": "跳高",
            "v": "跳高赛事"
          },
          {
            "n": "游泳",
            "v": "游泳赛事"
          },
          {
            "n": "100米",
            "v": "男子100米比赛"
          },
          {
            "n": "体操",
            "v": "体操赛事"
          },
          {
            "n": "世界杯",
            "v": "足球世界杯"
          },
          {
            "n": "田径",
            "v": "田径赛事"
          },
          {
            "n": "击剑",
            "v": "击剑赛事"
          },
              {
            "n": "马拉松",
            "v": "马拉松"
          },
           {"n": "射击",
            "v": "射击赛事"}, 

           {"n": "跳水",
            "v": "跳水赛事"},
          {
            "n": "持续更新",
            "v": ""
          }
            ]
            },

{"key": "duration","name": "时长","value": [
{"n": "全部时长","v": "0"},
{"n": "60分钟以上","v": "4"},
{"n": "30~60分钟","v": "3"},
{"n": "10~30分钟","v": "2"},
{"n": "10分钟以下","v": "1"}

]
}
],





"相声小品": [
{"key": "order","name": "排序","value": [
{"n": "综合排序","v": "0"},
{"n": "最多点击","v": "click"},
{"n": "最新发布","v": "pubdate"},
{"n": "最多弹幕","v": "dm"},
{"n": "最多收藏","v": "stow"}
]
},
   {
        "key": "tid",
        "name": "分类",
        "value": [
          {
            "n": "全部",
            "v": "相声小品"
          },
           {
            "n": "德云社",
            "v": "德云社"
          },
          {
            "n": "刘老根大舞台",
            "v": "刘老根大舞台"
            },

               {
            "n": "郭德纲",
            "v": "郭德纲"
          },
          {
            "n": "岳云鹏",
            "v": "岳云鹏"
          },
          {
            "n": "曹云金",
            "v": "曹云金"
          },
          {
            "n": "春晚小品",
            "v": "春晚小品"
          },
          {
            "n": "赵本山",
            "v": "赵本山"
          },
          {
            "n": "陈佩斯",
            "v": "陈佩斯"
          },
          {
            "n": "冯巩",
            "v": "冯巩"
          },
          {
            "n": "赵丽蓉",
            "v": "赵丽蓉"
          },
          {
            "n": "郭达",
            "v": "郭达"
          },
          {
            "n": "潘长江",
            "v": "潘长江"
          },
          {
            "n": "郭冬临",
            "v": "郭冬临"
          },
          {
            "n": "文松",
            "v": "文松"
          },
              {
            "n": "宋小宝",
            "v": "宋小宝"
          },
           {"n": "开心麻花",
            "v": "开心麻花"}, 

           {"n": "喜剧综艺",
            "v": "喜剧综艺"},
          {
            "n": "持续更新",
            "v": ""
          }
            ]
            },

{"key": "duration","name": "时长","value": [
{"n": "全部时长","v": "0"},
{"n": "60分钟以上","v": "4"},
{"n": "30~60分钟","v": "3"},
{"n": "10~30分钟","v": "2"},
{"n": "10分钟以下","v": "1"}

]
}
],



"戏曲": [
{"key": "order","name": "排序","value": [
{"n": "综合排序","v": "0"},
{"n": "最多点击","v": "click"},
{"n": "最新发布","v": "pubdate"},
{"n": "最多弹幕","v": "dm"},
{"n": "最多收藏","v": "stow"}
]
},
   {
        "key": "tid",
        "name": "分类",
        "value": [
          {
            "n": "全部",
            "v": "戏曲"
          },
           {
            "n": "京剧",
            "v": "京剧"
          },
          {
            "n": "越剧",
            "v": "越剧"
            },

               {
            "n": "芗剧",
            "v": "芗剧"
          },
          {
            "n": "蒲剧",
            "v": "蒲剧"
          },
          {
            "n": "吕剧",
            "v": "吕剧"
          },
          {
            "n": "眉户",
            "v": "眉户"
          },
          {
            "n": "豫剧",
            "v": "豫剧"
          },
          {
            "n": "黄梅戏",
            "v": "黄梅戏"
          },
          {
            "n": "昆曲",
            "v": "昆曲"
          },
          {
            "n": "花鼓戏",
            "v": "花鼓戏"
          },
          {
            "n": "沪剧",
            "v": "沪剧"
          },
          {
            "n": "潮剧",
            "v": "潮剧超清"
          },
          {
            "n": "评剧",
            "v": "评剧"
          },
          {
            "n": "歌仔戏",
            "v": "歌仔戏"
          },
              {
            "n": "晋剧",
            "v": "晋剧"
          },
           {"n": "河北梆子",
            "v": "河北梆子"}, 

           {"n": "河南曲剧",
            "v": "河南曲剧"},
          {
            "n": "持续更新",
            "v": ""
          }
            ]
            },

{"key": "duration","name": "时长","value": [
{"n": "全部时长","v": "0"},
{"n": "60分钟以上","v": "4"},
{"n": "30~60分钟","v": "3"},
{"n": "10~30分钟","v": "2"},
{"n": "10分钟以下","v": "1"}

]
}
],



"台球": [
{"key": "order","name": "排序","value": [
{"n": "综合排序","v": "0"},
{"n": "最多点击","v": "click"},
{"n": "最新发布","v": "pubdate"},
{"n": "最多弹幕","v": "dm"},
{"n": "最多收藏","v": "stow"}
]
},
   {
        "key": "tid",
        "name": "分类",
        "value": [
          {
            "n": "全部",
            "v": "台球"
          },
                {
            "n": "斯诺克",
            "v": "斯诺克"
          },
          {
            "n": "台球教学",
            "v": "台球教学"
            },

               {
            "n": "台球比赛",
            "v": "台球比赛"
          },
          {
            "n": "郑宇伯",
            "v": "郑宇伯"
          },

          {
            "n": "楚秉杰",
            "v": "楚秉杰"
          },
          {
            "n": "佟璐",
            "v": "佟璐"
          },
          {
            "n": "赵汝亮",
            "v": "赵汝亮"
          },
          {
            "n": "禹龙海",
            "v": "禹龙海"
          },
          {
            "n": "于海涛",
            "v": "于海涛"
          },
          {
            "n": "杨绍杰",
            "v": "杨绍杰"
          },
          {
            "n": "石汉青",
            "v": "石汉青"
          },
          {
            "n": "孔德京",
            "v": "孔德京"
          },
          {
            "n": "张泰艺",
            "v": "张泰艺"
          },
          {
            "n": "梁时瑜",
            "v": "梁时瑜"
          },
              {
            "n": "张堃鹏",
            "v": "张堃鹏"
          },
          {
            "n": "持续更新",
            "v": "0"
          }
            ]
            },

{"key": "duration","name": "时长","value": [
{"n": "全部时长","v": "0"},
{"n": "60分钟以上","v": "4"},
{"n": "30~60分钟","v": "3"},
{"n": "10~30分钟","v": "2"},
{"n": "10分钟以下","v": "1"}

]
}
],

"UFC": [
{"key": "order","name": "排序","value": [
{"n": "综合排序","v": "0"},
{"n": "最多点击","v": "click"},
{"n": "最新发布","v": "pubdate"},
{"n": "最多弹幕","v": "dm"},
{"n": "最多收藏","v": "stow"}
]
},
   {
        "key": "tid",
        "name": "分类",
        "value": [
          {
            "n": "全部",
            "v": "UFC"
          },
           {
            "n": "UFC比赛",
            "v": "UFC比赛"
          },
                {
            "n": "李景亮",
            "v": "李景亮"
          },
          {
            "n": "张伟丽",
            "v": "张伟丽"
            },

               {
            "n": "嘴炮",
            "v": "嘴炮"
          },
          {
            "n": "小鹰",
            "v": "UFC小鹰"
          },

          {
            "n": "狼王",
            "v": "奇马耶夫"
          },
          {
            "n": "骨头",
            "v": "乔恩琼斯"
          },
          {
            "n": "白大拿",
            "v": "白大拿"
          },
          {
            "n": "钻石",
            "v": "奥利维拉"
          },
          {
            "n": "乌斯曼",
            "v": "乌斯曼"
          },
          {
            "n": "纳干诺",
            "v": "纳干诺"
          },
          {
            "n": "米欧奇",
            "v": "米欧奇"
          },
          {
            "n": "科米尔",
            "v": "科米尔"
          },
          {
            "n": "卡温顿",
            "v": "卡温顿"
          },
          {
            "n": "伍德利",
            "v": "伍德利"
          },
            
          {
            "n": "持续更新",
            "v": "0"
          }
            ]
            },

{"key": "duration","name": "时长","value": [
{"n": "全部时长","v": "0"},
{"n": "60分钟以上","v": "4"},
{"n": "30~60分钟","v": "3"},
{"n": "10~30分钟","v": "2"},
{"n": "10分钟以下","v": "1"}

]
}
],


"学习": [
  {"key": "order","name": "排序","value": [
{"n": "综合排序","v": "0"},
{"n": "最多点击","v": "click"},
{"n": "最新发布","v": "pubdate"},
{"n": "最多弹幕","v": "dm"},
{"n": "最多收藏","v": "stow"}
]
},
      {
        "key": "tid",
        "name": "分类",
        "value": [
          {
            "n": "全部",
            "v": "学习"
          },
          {
            "n": "胎教",
            "v": "胎教"
          },
          {
            "n": "儿童启蒙故事",
            "v": "儿童启蒙故事"
          },
          {
            "n": "睡前故事",
            "v": "睡前故事"
          },
           {
            "n": "儿童安全教育",
            "v": "儿童安全教育"
          },
          {
            "n": "悟空识字",
            "v": "悟空识字"
          },
          {
            "n": "学而思",
            "v": "学而思"
          },
           {
            "n": "一年级语文",
            "v": "一年级语文"
          },
          {
            "n": "一年级数学",
            "v": "一年级数学"
          },
            {
            "n": "二年级语文",
            "v": "二年级语文"
          },
          {
            "n": "二年级数学",
            "v": "二年级数学"
          },
          {
            "n": "三年级语文",
            "v": "三年级语文"
          },
          {
            "n": "三年级数学",
            "v": "三年里数学"
          },
           {
            "n": "三年级英语",
            "v": "三年级英语"
          },
          {
            "n": "四年级语文",
            "v": "四年级语文"
          },
          {
            "n": "四年级数学",
            "v": "四年级数学"
          },
           {
            "n": "四年级英语",
            "v": "四年级英语"
          },
          {
            "n": "五年级语文",
            "v": "五年级语文"
          },
            {
            "n": "五年级数学",
            "v": "五年级数学"
          },
          {
            "n": "五年级英语",
            "v": "五年级英语"
          },
          {
            "n": "六年级语文",
            "v": "六年级语文"
          },
          {
            "n": "六年级数学",
            "v": "六年级数学"
          },
           {
            "n": "六年级英语",
            "v": "六年级英语"
          },
          {
            "n": "持续更新",
            "v": ""
          }
         
          
        ]
      },
      {
        "key": "duration",
        "name": "时长",
        "value": [
          {
            "n": "全部",
            "v": "0"
          },
          {
            "n": "60分钟以上",
            "v": "4"
          },
          {
            "n": "30~60分钟",
            "v": "3"
          },
          {
            "n": "10~30分钟",
            "v": "2"
          },
          {
            "n": "10分钟以下",
            "v": "1"
          }
        ]
      }
    ],




"棋牌": [
{"key": "order","name": "排序","value": [
{"n": "综合排序","v": "0"},
{"n": "最多点击","v": "click"},
{"n": "最新发布","v": "pubdate"},
{"n": "最多弹幕","v": "dm"},
{"n": "最多收藏","v": "stow"}
]
},
{"key": "tid","name": "分类","value": [
{"n": "全部","v": "棋牌"},
{"n": "围棋","v": "围棋"},
{"n": "国际象棋","v": "国际象棋"},

{"n": "象棋","v": "象棋"},
{"n": "五子棋","v": "五子棋"},
{"n": "军棋","v": "军棋"},
{"n": "飞行棋","v": "飞行棋"},
{"n": "麻将","v": "麻将"},
{"n": "二八杠","v": "二八杠"},
{"n": "斗地主","v": "斗地主"},
{"n": "炸金花","v": "炸金花"},
{"n": "四川麻将","v": "四川麻将"},
{"n": "干瞪眼","v": "干瞪眼"},
{"n": "三打一","v": "三打一"},
{"n": "跳棋","v": "跳棋"},
{"n": "跑得快","v": "跑得快"},
{"n": "远离赌博","v": ""},

{"n": "持续更新","v": ""}
]
},
{"key": "duration","name": "时长","value": [
{"n": "全部时长","v": "0"},
{"n": "60分钟以上","v": "4"},
{"n": "30~60分钟","v": "3"},
{"n": "10~30分钟","v": "2"},
{"n": "10分钟以下","v": "1"}
]
}

],




"影视解说": [
{"key": "order","name": "排序","value": [
{"n": "综合排序","v": "0"},
{"n": "最多点击","v": "click"},
{"n": "最新发布","v": "pubdate"},
{"n": "最多弹幕","v": "dm"},
{"n": "最多收藏","v": "stow"}
]
},
   {
        "key": "tid",
        "name": "分类",
        "value": [
          {
            "n": "全部",
            "v": "影视解说"
          },
           {
            "n": "嘴炮",
            "v": "开心嘴炮"
          },
          {
            "n": "阿斗",
            "v": "阿斗归来了"
            },

               {
            "n": "1900",
            "v": "1900影剧室"
          },
          {
            "n": "木鱼",
            "v": "木鱼水心"
          },
          {
            "n": "刘哔",
            "v": "刘哔电影"
          },
          {
            "n": "刘老师",
            "v": "刘老师说电影"
          },
          {
            "n": "最TOP",
            "v": "电影最TOP"
          },
          {
            "n": "老邪",
            "v": "老邪说电影"
          },
          {
            "n": "大蓝雀",
            "v": "大蓝雀"
          },
          {
            "n": "big笑工坊",
            "v": "big笑工坊"
          },
          {
            "n": "虫哥",
            "v": "虫哥说电影"
          },
          {
            "n": "蔡老板",
            "v": "蔡老板家的长工"
          },
          {
            "n": "牛叔",
            "v": "牛叔万岁万岁万万岁"
          },
          {
            "n": "怪异君",
            "v": "我是怪异君"
          },
              {
            "n": "嘻咦",
            "v": "嘻咦啊看"
          },
           {"n": "Low君",
            "v": "Low君热剧"}, 

           {"n": "小片片",
            "v": "小片片说大片"},
          {
            "n": "持续更新",
            "v": ""
          }
            ]
            },

{"key": "duration","name": "时长","value": [
{"n": "全部时长","v": "0"},
{"n": "60分钟以上","v": "4"},
{"n": "30~60分钟","v": "3"},
{"n": "10~30分钟","v": "2"},
{"n": "10分钟以下","v": "1"}

]
}
],

"美食": [
{"key": "order","name": "排序","value": [
{"n": "综合排序","v": "0"},
{"n": "最多点击","v": "click"},
{"n": "最新发布","v": "pubdate"},
{"n": "最多弹幕","v": "dm"},
{"n": "最多收藏","v": "stow"}
]
},
{"key": "tid","name": "分类","value": [
{"n": "全部","v": "美食"},
{"n": "火锅","v": "火锅"},
{"n": "面食","v": "面食"},

{"n": "炒菜","v": "炒菜"},
{"n": "点心","v": "点心"},
{"n": "日料","v": "日料"},
{"n": "小吃","v": "小吃"},
{"n": "素食","v": "素食"},
{"n": "川菜","v": "川菜"},
{"n": "湘菜","v": "湘菜"},
{"n": "鲁菜","v": "鲁菜"},
{"n": "浙菜","v": "浙菜"},
{"n": "苏菜","v": "苏菜"},
{"n": "徽菜","v": "徽菜"},
{"n": "闽菜","v": "闽菜"},
{"n": "蒸菜","v": "蒸菜"},
{"n": "凉菜","v": "凉菜"},

{"n": "早餐","v": "早餐"},
      {
            "n": "持续更新",
            "v": ""
          }
]
},
{"key": "duration","name": "时长","value": [
{"n": "全部时长","v": "0"},
{"n": "60分钟以上","v": "4"},
{"n": "30~60分钟","v": "3"},
{"n": "10~30分钟","v": "2"},
{"n": "10分钟以下","v": "1"}
]
}

],




"纪录片": [
{"key": "order","name": "排序","value": [
{"n": "综合排序","v": "0"},
{"n": "最多点击","v": "click"},
{"n": "最新发布","v": "pubdate"},
{"n": "最多弹幕","v": "dm"},
{"n": "最多收藏","v": "stow"}
]
},
{
        "key": "tid",
        "name": "分类",
        "value": [
          {
            "n": "全部",
            "v": "0"
          },
          {
            "n": "历史",
            "v": "历史纪录片"
          },
          {
            "n": "时事",
            "v": "时事报道纪录片"
          },
          {
            "n": "政论",
            "v": "政论纪录片"
          },
          {
            "n": "生活",
            "v": "生活纪录片"
          },
          {
            "n": "人文地理",
            "v": "人文地理纪录片"
          },
          {
            "n": "舞台",
            "v": "舞台纪录片"
          },
          {
            "n": "专题",
            "v": "专题纪录片"
          },
          {
            "n": "传记",
            "v": "传记纪录片"
          },
          {
            "n": "持续更新",
            "v": ""
          }
        ]
      },
{"key": "duration","name": "时长","value": [
{"n": "全部时长","v": "0"},
{"n": "60分钟以上","v": "4"},
{"n": "30~60分钟","v": "3"},
{"n": "10~30分钟","v": "2"},
{"n": "10分钟以下","v": "1"}

]
}
],




  "演唱会": [
      {"key": "order","name": "排序","value": [
{"n": "综合排序","v": "0"},
{"n": "最多点击","v": "click"},
{"n": "最新发布","v": "pubdate"},
{"n": "最多弹幕","v": "dm"},
{"n": "最多收藏","v": "stow"}
]
},
      {
        "key": "tid",
        "name": "分类",
        "value": [
          {
            "n": "全部",
            "v": "演唱会"
          },
          {
            "n": "周杰伦",
            "v": "周杰伦演唱会"
          },
          {
            "n": "陈奕迅",
            "v": "陈奕迅演唱会"
          },
          {
            "n": "Beyond",
            "v": "Beyond演唱会"
          },
          {
            "n": "刘德华",
            "v": "刘德华演唱会"
          },
          {
            "n": "郭富城",
            "v": "郭富城演唱会"
          },
          {
            "n": "张学友",
            "v": "张学友演唱会"
          },
          {
            "n": "黎明",
            "v": "黎明演唱会"
          },
          {
            "n": "李宗盛",
            "v": "李宗盛演唱会"
          },
          {
            "n": "邓丽君",
            "v": "邓丽君演唱会"
          },
          {
            "n": "朴树",
            "v": "朴树演唱会"
          },
          {
            "n": "林子祥",
            "v": "林子祥演唱会"
          },
          {
            "n": "任贤齐",
            "v": "任贤齐演唱会"
          },
          {
            "n": "张信哲",
            "v": "张信哲演唱会"
          },
          {
            "n": "孙楠",
            "v": "孙楠演唱会"
          },
          {
            "n": "张宇",
            "v": "张宇演唱会"
          },
          {
            "n": "周华健",
            "v": "周华健演唱会"
          },
          {
            "n": "蔡依林",
            "v": "蔡依林演唱会"
          },
          {
            "n": "薛之谦",
            "v": "薛之谦演唱会"
          },
          {
            "n": "洛天依",
            "v": "洛天依演唱会"
          },
          {
            "n": "初音未来",
            "v": "初音未来演唱会"
          },
          {
            "n": "许嵩",
            "v": "许嵩演唱会"
          },
          {
            "n": "戴佩妮",
            "v": "戴佩妮演唱会"
          },
          {
            "n": "邓紫棋",
            "v": "邓紫棋演唱会"
          },
          {
            "n": "张韶涵",
            "v": "张韶涵演唱会"
          },
          {
            "n": "蔡健雅",
            "v": "蔡健雅演唱会"
          },
          {
            "n": "莫文蔚",
            "v": "莫文蔚演唱会"
          },
          {
            "n": "刘若英",
            "v": "刘若英演唱会"
          },
          {
            "n": "周深",
            "v": "周深演唱会"
          },
          {
            "n": "毛不易",
            "v": "毛不易演唱会"
          },
          {
            "n": "汪苏泷",
            "v": "汪苏泷演唱会"
          },
          {
            "n": "李宇春",
            "v": "李宇春演唱会"
          },
          {
            "n": "徐佳莹",
            "v": "徐佳莹演唱会"
          },
          {
            "n": "杨宗纬",
            "v": "杨宗纬演唱会"
          },
          {
            "n": "胡彦斌",
            "v": "胡彦斌演唱会"
          },
          {
            "n": "杨千嬅",
            "v": "杨千嬅演唱会"
          },
          {
            "n": "张靓颖",
            "v": "张靓颖演唱会"
          },
          {
            "n": "李荣浩",
            "v": "李荣浩演唱会"
          },
          {
            "n": "杨丞琳",
            "v": "杨丞琳演唱会"
          },
          {
            "n": "林志炫",
            "v": "林志炫演唱会"
          },
          {
            "n": "陶喆",
            "v": "陶喆演唱会"
          },
          {
            "n": "胡夏",
            "v": "胡夏演唱会"
          },
          {
            "n": "李玉刚",
            "v": "李玉刚演唱会"
          },
          {
            "n": "弦子",
            "v": "弦子演唱会"
          },
          {
            "n": "陈小春",
            "v": "陈小春演唱会"
          },
          {
            "n": "萧亚轩",
            "v": "萧亚轩演唱会"
          },
          {
            "n": "鹿晗",
            "v": "鹿晗演唱会"
          },
          {
            "n": "纵贯线",
            "v": "纵贯线演唱会"
          },
          {
            "n": "许巍",
            "v": "许巍演唱会"
          },
          {
            "n": "林俊杰",
            "v": "林俊杰演唱会"
          },
          {
            "n": "赵雷",
            "v": "赵雷演唱会"
          },
          {
            "n": "谭咏麟",
            "v": "谭咏麟演唱会"
          },
          {
            "n": "凤凰传奇",
            "v": "凤凰传奇演唱会"
          },
          {
            "n": "容祖儿",
            "v": "容祖儿演唱会"
          },
          {
            "n": "周传雄",
            "v": "周传雄演唱会"
          },
          {
            "n": "SHE",
            "v": "SHE演唱会"
          },
          {
            "n": "苏打绿",
            "v": "苏打绿演唱会"
          },
          {
            "n": "五月天",
            "v": "五月天演唱会"
          },
          {
            "n": "张国荣",
            "v": "张国荣演唱会"
          },
          {
            "n": "梅艳芳",
            "v": "梅艳芳演唱会"
          },
          {
            "n": "孙燕姿",
            "v": "孙燕姿演唱会"
          },
          {
            "n": "李健",
            "v": "李健演唱会"
          },
          {
            "n": "华晨宇",
            "v": "华晨宇演唱会"
          },
          {
            "n": "袁娅维",
            "v": "袁娅维演唱会"
          },
          {
            "n": "大张伟",
            "v": "大张伟演唱会"
          },
          {
            "n": "TFBOYS",
            "v": "TFBOYS演唱会"
          },
          {
            "n": "田馥甄",
            "v": "田馥甄演唱会"
          },
          {
            "n": "小虎队",
            "v": "小虎队演唱会"
          },
          {
            "n": "张杰",
            "v": "张杰演唱会"
          },
          {
            "n": "王菲",
            "v": "王菲演唱会"
          },
          {
            "n": "伍佰",
            "v": "伍佰演唱会"
          },
          {
            "n": "刀郎",
            "v": "刀郎演唱会"
          },
          {
            "n": "草蜢",
            "v": "草蜢演唱会"
          },
          {
            "n": "潘玮柏",
            "v": "潘玮柏演唱会"
          },
          {
            "n": "梁静茹",
            "v": "梁静茹演唱会"
          },
          {
            "n": "林宥嘉",
            "v": "林宥嘉演唱会"
          },
          {
            "n": "蔡徐坤",
            "v": "蔡徐坤演唱会"
          },
          {
            "n": "周慧敏",
            "v": "周慧敏演唱会"
          },
          {
            "n": "李圣杰",
            "v": "李圣杰演唱会"
          },
          {
            "n": "张惠妹",
            "v": "张惠妹演唱会"
          },
          {
            "n": "萧敬腾",
            "v": "萧敬腾演唱会"
          },
          {
            "n": "周笔畅",
            "v": "周笔畅演唱会"
          },
          {
            "n": "焦迈奇",
            "v": "焦迈奇演唱会"
          },
          {
            "n": "尤长靖",
            "v": "尤长靖演唱会"
          },
          {
            "n": "郑中基",
            "v": "郑中基演唱会"
          },
          {
            "n": "谭维维",
            "v": "谭维维演唱会"
          },
          {
            "n": "陈慧娴",
            "v": "陈慧娴演唱会"
          },
          {
            "n": "张艺兴",
            "v": "张艺兴演唱会"
          },
          {
            "n": "王嘉尔",
            "v": "王嘉尔演唱会"
          },
          {
            "n": "刘宪华",
            "v": "刘宪华演唱会"
          },
          {
            "n": "张敬轩",
            "v": "张敬轩演唱会"
          },
          {
            "n": "李克勤",
            "v": "李克勤演唱会"
          },
          {
            "n": "阿杜",
            "v": "阿杜演唱会"
          },
          {
            "n": "郭静",
            "v": "郭静演唱会"
          },
          {
            "n": "崔健",
            "v": "崔健演唱会"
          },
          {
            "n": "庾澄庆",
            "v": "庾澄庆演唱会"
          },
          {
            "n": "汪峰",
            "v": "汪峰演唱会"
          },
          {
            "n": "那英",
            "v": "那英演唱会"
          },
          {
            "n": "杨坤",
            "v": "杨坤演唱会"
          },
          {
            "n": "叶倩文",
            "v": "叶倩文演唱会"
          },
          {
            "n": "王心凌",
            "v": "王心凌演唱会"
          },
          {
            "n": "张震岳",
            "v": "张震岳演唱会"
          },
          {
            "n": "韩红",
            "v": "韩红演唱会"
          },
          {
            "n": "齐秦",
            "v": "齐秦演唱会"
          },
          {
            "n": "张雨生",
            "v": "张雨生演唱会"
          },
          {
            "n": "黄品源",
            "v": "黄品源演唱会"
          },
          {
            "n": "林忆莲",
            "v": "林忆莲演唱会"
          },
          {
            "n": "丁当",
            "v": "丁当演唱会"
          },
          {
            "n": "郑智化",
            "v": "郑智化演唱会"
          },
          {
            "n": "李玟",
            "v": "李玟演唱会"
          },
          {
            "n": "谢霆锋",
            "v": "谢霆锋演唱会"
          },
          {
            "n": "黄小琥",
            "v": "黄小琥演唱会"
          },
          {
            "n": "徐小凤",
            "v": "徐小凤演唱会"
          },
          {
            "n": "任嘉伦",
            "v": "任嘉伦演唱会"
          },
          {
            "n": "卓依婷",
            "v": "卓依婷演唱会"
          },
          {
            "n": "逃跑计划",
            "v": "逃跑计划演唱会"
          },
          {
            "n": "青鸟飞鱼",
            "v": "青鸟飞鱼演唱会"
          },
          {
            "n": "飞儿乐队",
            "v": "飞儿乐队演唱会"
          },
          {
            "n": "花儿乐队",
            "v": "花儿乐队演唱会"
          },
          {
            "n": "南拳妈妈",
            "v": "南拳妈妈演唱会"
          },
          {
            "n": "水木年华",
            "v": "水木年华演唱会"
          },
          {
            "n": "动力火车",
            "v": "动力火车演唱会"
          },
          {
            "n": "筷子兄弟",
            "v": "筷子兄弟演唱会"
          },
          {
            "n": "鹿先森乐队",
            "v": "鹿先森乐队演唱会"
          },
          {
            "n": "信乐队",
            "v": "信乐队演唱会"
          },
          {
            "n": "旅行团乐队",
            "v": "旅行团乐队演唱会"
          },
          {
            "n": "By2",
            "v": "By2演唱会"
          },
          {
            "n": "郁可唯",
            "v": "郁可唯演唱会"
          },
          {
            "n": "宋亚森",
            "v": "宋亚森演唱会"
          },
          {
            "n": "费玉清",
            "v": "费玉清演唱会"
          },
          {
            "n": "费翔",
            "v": "费翔演唱会"
          },
          {
            "n": "金志文",
            "v": "金志文演唱会"
          },
          {
            "n": "黄家强",
            "v": "黄家强演唱会"
          },
          {
            "n": "方大同",
            "v": "方大同演唱会"
          },
          {
            "n": "吴克群",
            "v": "吴克群演唱会"
          },
          {
            "n": "罗大佑",
            "v": "罗大佑演唱会"
          },
          {
            "n": "光良",
            "v": "光良演唱会"
          },
          {
            "n": "田震",
            "v": "田震演唱会"
          },
          {
            "n": "凤飞飞",
            "v": "凤飞飞演唱会"
          },
          {
            "n": "谭晶",
            "v": "谭晶演唱会"
          },
          {
            "n": "王杰",
            "v": "王杰演唱会"
          },
          
          {
            "n": "金池",
            "v": "金池演唱会"
          },
          {
            "n": "屠洪刚",
            "v": "屠洪刚演唱会"
          },
          {
            "n": "戴荃",
            "v": "戴荃演唱会"
          },
          {
            "n": "郭采洁",
            "v": "郭采洁演唱会"
          },
          {
            "n": "罗志祥",
            "v": "罗志祥演唱会"
          },
          {
            "n": "王力宏",
            "v": "王力宏演唱会"
          },
          {
            "n": "林肯公园",
            "v": "林肯公园演唱会"
          },
          {
            "n": "迈克尔杰克逊",
            "v": "迈克尔杰克逊演唱会"
          },
          {
            "n": "泰勒·斯威夫特",
            "v": "泰勒·斯威夫特演唱会"
          },
          {
            "n": "阿黛尔",
            "v": "阿黛尔演唱会"
          },
          {
            "n": "BIGBANG",
            "v": "BIGBANG演唱会"
          },
          {
            "n": "LadyGaga",
            "v": "LadyGaga演唱会"
          },
          {
            "n": "贾斯丁比伯",
            "v": "贾斯丁比伯演唱会"
          },
          {
            "n": "中岛美雪",
            "v": "中岛美雪演唱会"
          },
          {
            "n": "仓木麻衣",
            "v": "仓木麻衣演唱会"
          },
          {
            "n": "后街男孩",
            "v": "后街男孩演唱会"
          },
          {
            "n": "布兰妮",
            "v": "布兰妮演唱会"
          },
          {
            "n": "持续更新",
            "v": ""
          }
        ]
      },
      {
        "key": "duration",
        "name": "时长",
        "value": [
          {
            "n": "全部",
            "v": "0"
          },
          {
            "n": "60分钟以上",
            "v": "4"
          },
          {
            "n": "30~60分钟",
            "v": "3"
          },
          {
            "n": "10~30分钟",
            "v": "2"
          },
          {
            "n": "10分钟以下",
            "v": "1"
              }
        ]
      }
    ]
  }
}
