{
  "classes": [
    {
      "type_name": "吾爱评测整理",
      "type_id": "吾爱评测"
    },
    {
      "type_name": "春节",
      "type_id": "春节"
    },
    {
      "type_name": "春节习俗",
      "type_id": "春节习俗"
    },
    {
      "type_name": "春节美食",
      "type_id": "春节美食"
    },
    {
      "type_name": "春节歌曲",
      "type_id": "春节歌曲"
    },
    {
      "type_name": "春节传统",
      "type_id": "春节传统"
    },
    {
      "type_name": "春节春联",
      "type_id": "春节春联"
    },
   {
      "type_name": "春节故事",
      "type_id": "春节故事"
    },
{
      "type_name": "春节含义",
      "type_id": "春节含义"
    }



  ],
  "filter": {
   
    "春节": [
      {
        "key": "tid",
        "name": "分类",
        "value": [
          {
            "n": "全部",
            "v": "0"
          },
          {
            "n": "春节",
            "v": "春节"
          },
          {
            "n": "春节习俗",
            "v": "春节习俗"
          },
          {
            "n": "春节美食",
            "v": "春节美食"
          },
          {
            "n": "春节歌曲",
            "v": "春节歌曲"
          }
        ]
      },
      {
        "key": "duration",
        "name": "时长",
        "value": [
          {
            "n": "全部",
            "v": "0"
          },
          {
            "n": "60分钟以上",
            "v": "4"
          },
          {
            "n": "30~60分钟",
            "v": "3"
          },
          {
            "n": "10~30分钟",
            "v": "2"
          },
          {
            "n": "10分钟以下",
            "v": "1"
          }
        ]
      }
    ],

    "1年级英语": [
      {
        "key": "tid",
        "name": "分类",
        "value": [
          {
            "n": "全部",
            "v": "0"
          },
          {
            "n": "沪教版",
            "v": "沪教版1年级英语"
          },
          {
            "n": "人教版",
            "v": "人教版1年级英语"
          },
          {
            "n": "北师大版",
            "v": "北师大版1年级英语"
          },
          
          {
            "n": "苏教版",
            "v": "苏教版1年级英语"
          }
        ]
      },
      
      {
        "key": "duration",
        "name": "时长",
        "value": [
          {
            "n": "全部",
            "v": "0"
          },
          {
            "n": "60分钟以上",
            "v": "4"
          },
          {
            "n": "30~60分钟",
            "v": "3"
          },
          {
            "n": "10~30分钟",
            "v": "2"
          },
          {
            "n": "10分钟以下",
            "v": "1"
          }
        ]
      }
    ]
  }
}