{
	"classes": [{
		"type_name": "历年高考故事",
		"type_id": "历年高考故事"
	}, {
		"type_name": "最新高考动态",
		"type_id": "最新高考动态"
	},{
		"type_name": "高考志愿",
		"type_id": "高考志愿"
	},
		 {
		"type_name": "上海卷",
		"type_id": "高考上海卷"
	}, {
		"type_name": "全国卷",
		"type_id": "高考全国卷"
	}, {
		"type_name": "高考语文",
		"type_id": "高考语文"
	}, {
		"type_name": "高考数学",
		"type_id": "高考数学"
	}, {
		"type_name": "高考英语",
		"type_id": "高考英语"
	}, {
		"type_name": "高考理综",
		"type_id": "高考理综"
	}, {
		"type_name": "高考文综",
		"type_id": "高考文综"
	}, {
		"type_name": "高考作文",
		"type_id": "高考作文"
	}],



	"filter": {
		"高考上海卷": [{
			"key": "tid",
			"name": "分类",
			"value": [{
				"n": "全部",
				"v": "0"
			}, {
				"n": "高考上海卷语文",
				"v": "高考上海卷语文"
			}, {
				"n": "高考上海卷数学",
				"v": "高考上海卷数学"
			}, {
				"n": "高考上海卷英语",
				"v": "高考上海卷英语"
			},
			{
				"n": "高考上海卷理综",
				"v": "高考上海卷理综"
			}, {
				"n": "高考上海卷文综",
				"v": "高考上海卷文综"
			}]
		}, {
			"key": "duration",
			"name": "时长",
			"value": [{
				"n": "全部",
				"v": "0"
			}, {
				"n": "60分钟以上",
				"v": "4"
			}, {
				"n": "30~60分钟",
				"v": "3"
			}, {
				"n": "10~30分钟",
				"v": "2"
			}, {
				"n": "10分钟以下",
				"v": "1"
			}]
		}],
		"高考全国卷": [{
			"key": "tid",
			"name": "分类",
			"value": [{
				"n": "全部",
				"v": "0"
			}, {
				"n": "高考全国卷语文",
				"v": "高考全国卷语文"
			}, {
				"n": "高考全国卷数学",
				"v": "高考全国卷数学"
			}, {
				"n": "高考全国卷英语",
				"v": "高考全国卷英语"
			},
			{
				"n": "高考全国卷理综",
				"v": "高考全国卷理综"
			}, {
				"n": "高考全国卷文综",
				"v": "高考全国卷文综"
			}]
		}, {
			"key": "duration",
			"name": "时长",
			"value": [{
				"n": "全部",
				"v": "0"
			}, {
				"n": "60分钟以上",
				"v": "4"
			}, {
				"n": "30~60分钟",
				"v": "3"
			}, {
				"n": "10~30分钟",
				"v": "2"
			}, {
				"n": "10分钟以下",
				"v": "1"
			}]
		}],
		"高考作文": [{
			"key": "tid",
			"name": "分类",
			"value": [{
				"n": "全部",
				"v": "0"
			}, {
				"n": "2023",
				"v": "2023"
			}, {
				"n": "2022",
				"v": "2022"
			},{
				"n": "2021",
				"v": "2021"
			}, {
				"n": "2020",
				"v": "2020"
			}, {
				"n": "2019",
				"v": "2019"
			}]
		}, {
			"key": "duration",
			"name": "时长",
			"value": [{
				"n": "全部",
				"v": "0"
			}, {
				"n": "60分钟以上",
				"v": "4"
			}, {
				"n": "30~60分钟",
				"v": "3"
			}, {
				"n": "10~30分钟",
				"v": "2"
			}, {
				"n": "10分钟以下",
				"v": "1"
			}]
		}],
		"2年级语文": [{
			"key": "tid",
			"name": "分类",
			"value": [{
				"n": "全部",
				"v": "0"
			}, {
				"n": "沪教版",
				"v": "沪教版2年级语文"
			}, {
				"n": "人教版",
				"v": "人教版2年级语文"
			}, {
				"n": "北师大版",
				"v": "北师大版2年级语文"
			}, {
				"n": "苏教版",
				"v": "苏教版2年级语文"
			}]
		}, {
			"key": "duration",
			"name": "时长",
			"value": [{
				"n": "全部",
				"v": "0"
			}, {
				"n": "60分钟以上",
				"v": "4"
			}, {
				"n": "30~60分钟",
				"v": "3"
			}, {
				"n": "10~30分钟",
				"v": "2"
			}, {
				"n": "10分钟以下",
				"v": "1"
			}]
		}],
		"2年级英语": [{
			"key": "tid",
			"name": "分类",
			"value": [{
				"n": "全部",
				"v": "0"
			}, {
				"n": "沪教版",
				"v": "沪教版2年级英语"
			},{
				"n": "外研版",
				"v": "外研版2年级英语"
			}, {
				"n": "人教版",
				"v": "人教版2年级英语"
			}, {
				"n": "北师大版",
				"v": "北师大版2年级英语"
			}, {
				"n": "苏教版",
				"v": "苏教版2年级英语"
			}]
		}, {
			"key": "duration",
			"name": "时长",
			"value": [{
				"n": "全部",
				"v": "0"
			}, {
				"n": "60分钟以上",
				"v": "4"
			}, {
				"n": "30~60分钟",
				"v": "3"
			}, {
				"n": "10~30分钟",
				"v": "2"
			}, {
				"n": "10分钟以下",
				"v": "1"
			}]
		}],
		"2年级数学": [{
			"key": "tid",
			"name": "分类",
			"value": [{
				"n": "全部",
				"v": "0"
			}, {
				"n": "沪教版",
				"v": "沪教版2年级数学"
			}, {
				"n": "人教版",
				"v": "人教版2年级数学"
			},{
				"n": "西师大版",
				"v": "西师大版2年级数学"
			}, {
				"n": "北师大版",
				"v": "北师大版2年级数学"
			}, {
				"n": "苏教版",
				"v": "苏教版2年级数学"
			}]
		}, {
			"key": "duration",
			"name": "时长",
			"value": [{
				"n": "全部",
				"v": "0"
			}, {
				"n": "60分钟以上",
				"v": "4"
			}, {
				"n": "30~60分钟",
				"v": "3"
			}, {
				"n": "10~30分钟",
				"v": "2"
			}, {
				"n": "10分钟以下",
				"v": "1"
			}]
		}],
		"3年级语文": [{
			"key": "tid",
			"name": "分类",
			"value": [{
				"n": "全部",
				"v": "0"
			}, {
				"n": "沪教版",
				"v": "沪教版3年级语文"
			}, {
				"n": "人教版",
				"v": "人教版3年级语文"
			}, {
				"n": "北师大版",
				"v": "北师大版3年级语文"
			}, {
				"n": "苏教版",
				"v": "苏教版3年级语文"
			}]
		}, {
			"key": "duration",
			"name": "时长",
			"value": [{
				"n": "全部",
				"v": "0"
			}, {
				"n": "60分钟以上",
				"v": "4"
			}, {
				"n": "30~60分钟",
				"v": "3"
			}, {
				"n": "10~30分钟",
				"v": "2"
			}, {
				"n": "10分钟以下",
				"v": "1"
			}]
		}],
		"3年级英语": [{
			"key": "tid",
			"name": "分类",
			"value": [{
				"n": "全部",
				"v": "0"
			}, {
				"n": "沪教版",
				"v": "沪教版3年级英语"
			},{
				"n": "外研版",
				"v": "外研版3年级英语"
			}, {
				"n": "人教版",
				"v": "人教版3年级英语"
			}, {
				"n": "北师大版",
				"v": "北师大版3年级英语"
			}, {
				"n": "苏教版",
				"v": "苏教版3年级英语"
			}]
		}, {
			"key": "duration",
			"name": "时长",
			"value": [{
				"n": "全部",
				"v": "0"
			}, {
				"n": "60分钟以上",
				"v": "4"
			}, {
				"n": "30~60分钟",
				"v": "3"
			}, {
				"n": "10~30分钟",
				"v": "2"
			}, {
				"n": "10分钟以下",
				"v": "1"
			}]
		}],
		"3年级数学": [{
			"key": "tid",
			"name": "分类",
			"value": [{
				"n": "全部",
				"v": "0"
			}, {
				"n": "沪教版",
				"v": "沪教版3年级数学"
			}, {
				"n": "人教版",
				"v": "人教版3年级数学"
			},{
				"n": "西师大版",
				"v": "西师大版3年级数学"
			}, {
				"n": "北师大版",
				"v": "北师大版3年级数学"
			}, {
				"n": "苏教版",
				"v": "苏教版3年级数学"
			}]
		}, {
			"key": "duration",
			"name": "时长",
			"value": [{
				"n": "全部",
				"v": "0"
			}, {
				"n": "60分钟以上",
				"v": "4"
			}, {
				"n": "30~60分钟",
				"v": "3"
			}, {
				"n": "10~30分钟",
				"v": "2"
			}, {
				"n": "10分钟以下",
				"v": "1"
			}]
		}],
		"4年级语文": [{
			"key": "tid",
			"name": "分类",
			"value": [{
				"n": "全部",
				"v": "0"
			}, {
				"n": "沪教版",
				"v": "沪教版4年级语文"
			}, {
				"n": "人教版",
				"v": "人教版4年级语文"
			}, {
				"n": "北师大版",
				"v": "北师大版4年级语文"
			}, {
				"n": "苏教版",
				"v": "苏教版4年级语文"
			}]
		}, {
			"key": "duration",
			"name": "时长",
			"value": [{
				"n": "全部",
				"v": "0"
			}, {
				"n": "60分钟以上",
				"v": "4"
			}, {
				"n": "30~60分钟",
				"v": "3"
			}, {
				"n": "10~30分钟",
				"v": "2"
			}, {
				"n": "10分钟以下",
				"v": "1"
			}]
		}],
		"4年级英语": [{
			"key": "tid",
			"name": "分类",
			"value": [{
				"n": "全部",
				"v": "0"
			}, {
				"n": "沪教版",
				"v": "沪教版4年级英语"
			},{
				"n": "外研版",
				"v": "外研版4年级英语"
			}, {
				"n": "人教版",
				"v": "人教版4年级英语"
			}, {
				"n": "北师大版",
				"v": "北师大版4年级英语"
			}, {
				"n": "苏教版",
				"v": "苏教版4年级英语"
			}]
		}, {
			"key": "duration",
			"name": "时长",
			"value": [{
				"n": "全部",
				"v": "0"
			}, {
				"n": "60分钟以上",
				"v": "4"
			}, {
				"n": "30~60分钟",
				"v": "3"
			}, {
				"n": "10~30分钟",
				"v": "2"
			}, {
				"n": "10分钟以下",
				"v": "1"
			}]
		}],
		"4年级数学": [{
			"key": "tid",
			"name": "分类",
			"value": [{
				"n": "全部",
				"v": "0"
			}, {
				"n": "沪教版",
				"v": "沪教版4年级数学"
			}, {
				"n": "人教版",
				"v": "人教版4年级数学"
			},{
				"n": "西师大版",
				"v": "西师大版4年级数学"
			}, {
				"n": "北师大版",
				"v": "北师大版4年级数学"
			}, {
				"n": "苏教版",
				"v": "苏教版4年级数学"
			}]
		}, {
			"key": "duration",
			"name": "时长",
			"value": [{
				"n": "全部",
				"v": "0"
			}, {
				"n": "60分钟以上",
				"v": "4"
			}, {
				"n": "30~60分钟",
				"v": "3"
			}, {
				"n": "10~30分钟",
				"v": "2"
			}, {
				"n": "10分钟以下",
				"v": "1"
			}]
		}],
		"5年级语文": [{
			"key": "tid",
			"name": "分类",
			"value": [{
				"n": "全部",
				"v": "0"
			}, {
				"n": "沪教版",
				"v": "沪教版5年级语文"
			}, {
				"n": "人教版",
				"v": "人教版5年级语文"
			}, {
				"n": "北师大版",
				"v": "北师大版5年级语文"
			}, {
				"n": "苏教版",
				"v": "苏教版5年级语文"
			}]
		}, {
			"key": "duration",
			"name": "时长",
			"value": [{
				"n": "全部",
				"v": "0"
			}, {
				"n": "60分钟以上",
				"v": "4"
			}, {
				"n": "30~60分钟",
				"v": "3"
			}, {
				"n": "10~30分钟",
				"v": "2"
			}, {
				"n": "10分钟以下",
				"v": "1"
			}]
		}],
		"5年级英语": [{
			"key": "tid",
			"name": "分类",
			"value": [{
				"n": "全部",
				"v": "0"
			}, {
				"n": "沪教版",
				"v": "沪教版5年级英语"
			},{
				"n": "外研版",
				"v": "外研版5年级英语"
			}, {
				"n": "人教版",
				"v": "人教版5年级英语"
			}, {
				"n": "北师大版",
				"v": "北师大版5年级英语"
			}, {
				"n": "苏教版",
				"v": "苏教版5年级英语"
			}]
		}, {
			"key": "duration",
			"name": "时长",
			"value": [{
				"n": "全部",
				"v": "0"
			}, {
				"n": "60分钟以上",
				"v": "4"
			}, {
				"n": "30~60分钟",
				"v": "3"
			}, {
				"n": "10~30分钟",
				"v": "2"
			}, {
				"n": "10分钟以下",
				"v": "1"
			}]
		}],
		"5年级数学": [{
			"key": "tid",
			"name": "分类",
			"value": [{
				"n": "全部",
				"v": "0"
			}, {
				"n": "沪教版",
				"v": "沪教版5年级数学"
			}, {
				"n": "人教版",
				"v": "人教版5年级数学"
			},{
				"n": "西师大版",
				"v": "西师大版5年级数学"
			}, {
				"n": "北师大版",
				"v": "北师大版5年级数学"
			}, {
				"n": "苏教版",
				"v": "苏教版5年级数学"
			}]
		}, {
			"key": "duration",
			"name": "时长",
			"value": [{
				"n": "全部",
				"v": "0"
			}, {
				"n": "60分钟以上",
				"v": "4"
			}, {
				"n": "30~60分钟",
				"v": "3"
			}, {
				"n": "10~30分钟",
				"v": "2"
			}, {
				"n": "10分钟以下",
				"v": "1"
			}]
		}],
		"6年级语文": [{
			"key": "tid",
			"name": "分类",
			"value": [{
				"n": "全部",
				"v": "0"
			}, {
				"n": "沪教版",
				"v": "沪教版6年级语文"
			}, {
				"n": "人教版",
				"v": "人教版6年级语文"
			}, {
				"n": "北师大版",
				"v": "北师大版6年级语文"
			}, {
				"n": "苏教版",
				"v": "苏教版6年级语文"
			}]
		}, {
			"key": "duration",
			"name": "时长",
			"value": [{
				"n": "全部",
				"v": "0"
			}, {
				"n": "60分钟以上",
				"v": "4"
			}, {
				"n": "30~60分钟",
				"v": "3"
			}, {
				"n": "10~30分钟",
				"v": "2"
			}, {
				"n": "10分钟以下",
				"v": "1"
			}]
		}],
		"6年级英语": [{
			"key": "tid",
			"name": "分类",
			"value": [{
				"n": "全部",
				"v": "0"
			}, {
				"n": "沪教版",
				"v": "沪教版6年级英语"
			},{
				"n": "外研版",
				"v": "外研版6年级英语"
			}, {
				"n": "人教版",
				"v": "人教版6年级英语"
			}, {
				"n": "北师大版",
				"v": "北师大版6年级英语"
			}, {
				"n": "苏教版",
				"v": "苏教版6年级英语"
			}]
		}, {
			"key": "duration",
			"name": "时长",
			"value": [{
				"n": "全部",
				"v": "0"
			}, {
				"n": "60分钟以上",
				"v": "4"
			}, {
				"n": "30~60分钟",
				"v": "3"
			}, {
				"n": "10~30分钟",
				"v": "2"
			}, {
				"n": "10分钟以下",
				"v": "1"
			}]
		}],
		"6年级数学": [{
			"key": "tid",
			"name": "分类",
			"value": [{
				"n": "全部",
				"v": "0"
			}, {
				"n": "沪教版",
				"v": "沪教版6年级数学"
			}, {
				"n": "人教版",
				"v": "人教版6年级数学"
			},{
				"n": "西师大版",
				"v": "西师大版6年级数学"
			}, {
				"n": "北师大版",
				"v": "北师大版6年级数学"
			}, {
				"n": "苏教版",
				"v": "苏教版6年级数学"
			}]
		}, {
			"key": "duration",
			"name": "时长",
			"value": [{
				"n": "全部",
				"v": "0"
			}, {
				"n": "60分钟以上",
				"v": "4"
			}, {
				"n": "30~60分钟",
				"v": "3"
			}, {
				"n": "10~30分钟",
				"v": "2"
			}, {
				"n": "10分钟以下",
				"v": "1"
			}]
		}]
	}
}