{
    "spider": "./0723.jar",
    "lives": [
        {
            "group": "redirect",
            "channels": [
                {
                    "name": "redirect",
                    "urls": [
                        "proxy://do=live&type=txt&ext=aHR0cHM6Ly9naXRlYS5jb20vWW91cnNtaWxlL1RWQm94L3Jhdy9icmFuY2gvbWFpbi9saXZlLnR4dA=="
                    ]
                }
            ]
        }
    ],
    "sites": [
        {
            "key": "天堂资源",
            "name": "🥉天堂资源",
            "type": 1,
            "api": "http://vipmv.cc/api.php/provide/vod/",
            "searchable": 1,
            "quickSearch": 1,
            "categories": [
                "电影",
                "连续剧",
                "综艺",
                "动漫",
                "国产剧",
                "港台剧",
                "日韩剧",
                "欧美剧",
                "动作片",
                "喜剧片",
                "爱情片",
                "科幻片",
                "恐怖片",
                "剧情片",
                "战争片",
                "伦理片",
                "哔哩哔哩"
            ]
        },
        {
            "key": "量子资源",
            "name": "🐝量子资源",
            "type": 1,
            "api": "http://cj.lziapi.com/api.php/provide/vod/",
            "searchable": 1,
            "quickSearch": 1,
            "categories": [
                "电影",
                "连续剧",
                "综艺",
                "动漫",
                "国产剧",
                "港台剧",
                "日韩剧",
                "欧美剧",
                "动作片",
                "喜剧片",
                "爱情片",
                "科幻片",
                "恐怖片",
                "剧情片",
                "战争片",
                "伦理片",
                "哔哩哔哩"
            ]
        },
        {
            "key": "金鹰资源",
            "name": "🐝金鹰资源",
            "type": 1,
            "api": "http://jinyingzy.com/provide/vod",
            "searchable": 1,
            "quickSearch": 1,
            "categories": [
                "电影",
                "连续剧",
                "综艺",
                "动漫",
                "国产剧",
                "港台剧",
                "日韩剧",
                "欧美剧",
                "动作片",
                "喜剧片",
                "爱情片",
                "科幻片",
                "恐怖片",
                "剧情片",
                "战争片",
                "伦理片",
                "哔哩哔哩"
            ]
        },
        {
            "key": "多多资源",
            "name": "🐝多多资源〔官源〕",
            "type": 1,
            "api": "https://www.ddzyz1.com/api.php/provide/vod/?ac=list",
            "searchable": 1,
            "quickSearch": 1,
            "categories": [
                "国产剧",
                "港台剧",
                "日韩剧",
                "欧美剧",
                "泰国剧",
                "动作片",
                "喜剧片",
                "爱情片",
                "科幻片",
                "恐怖片",
                "剧情片",
                "战争片",
                "灾难片",
                "犯罪片",
                "悬疑片",
                "惊悚片",
                "奇幻片",
                "冒险片",
                "武侠片",
                "记录片",
                "伦理",
                "综艺",
                "动漫",
                "动画片",
                "国产动漫",
                "日韩动漫",
                "欧美动漫",
                "海外剧",
                "国内综艺",
                "海外综艺"
            ]
        },
        {
            "key": "诺讯资源〔官源〕",
            "name": "🐝诺讯资源〔官源〕",
            "type": 1,
            "api": "http://caiji.nxflv.com/api.php/provide/vod/",
            "searchable": 1,
            "quickSearch": 1,
            "categories": [
                "国产剧",
                "港台剧",
                "日韩剧",
                "欧美剧",
                "动作片",
                "喜剧片",
                "爱情片",
                "科幻片",
                "恐怖片",
                "剧情片",
                "战争片",
                "综艺频道",
                "动漫频道",
                "综合频道"
            ]
        },
        {
            "key": "忆梦",
            "name": "🐝忆梦〔官源〕",
            "type": 1,
            "api": "http://anltv.cn/api.php/provide/vod/",
            "searchable": 1,
            "quickSearch": 1,
            "categories": [
                "国产剧",
                "港台剧",
                "日韩剧",
                "欧美剧",
                "电影(B站)",
                "电视剧(B站)",
                "动作片",
                "喜剧片",
                "爱情片",
                "科幻片",
                "恐怖片",
                "剧情片",
                "战争片",
                "犯罪片",
                "悬疑片",
                "惊悚片",
                "奇幻片",
                "冒险片",
                "武侠片",
                "动漫画",
                "动画",
                "番剧(B站)",
                "国创(B站)",
                "综艺",
                "记录片(B站)",
                "纪录片/微电影"
            ]
        },
        {
            "key": "木子看剧〔官源〕",
            "name": "🐝木子看剧〔官源〕",
            "type": 1,
            "api": "https://mzkj.maccms.cf/api.php/provide/vod/",
            "searchable": 1,
            "quickSearch": 1,
            "categories": [
                "电影",
                "连续剧",
                "综艺",
                "动漫",
                "哔哩哔哩",
                "直播"
            ]
        },
        {
            "key": "M3U8资源",
            "name": "🐝M3U8资源〔官源〕",
            "type": 1,
            "api": "https://www.zycaiji.net:7788/api.php/provide/vod/",
            "searchable": 1,
            "quickSearch": 1,
            "categories": [
                "国产剧",
                "港台剧",
                "日韩剧",
                "欧美剧",
                "动作片",
                "喜剧片",
                "爱情片",
                "科幻片",
                "恐怖片",
                "剧情片",
                "战争片",
                "犯罪片",
                "悬疑片",
                "惊悚片",
                "奇幻片",
                "冒险片",
                "记录片",
                "动画片",
                "综艺",
                "动漫",
                "番剧（B站专用）",
                "国创（B站专用）",
                "电影（B站专用）",
                "电视剧（B站专用）"
            ]
        },
        {
            "key": "优酷资源",
            "name": "🥉优酷资源",
            "type": 1,
            "api": "https://api.ukuapi.com/api.php/provide/vod/",
            "searchable": 1,
            "quickSearch": 1,
            "categories": [
                "电影",
                "连续剧",
                "综艺",
                "动漫",
                "国产剧",
                "港台剧",
                "日韩剧",
                "欧美剧",
                "动作片",
                "喜剧片",
                "爱情片",
                "科幻片",
                "恐怖片",
                "剧情片",
                "战争片",
                "伦理片",
                "哔哩哔哩"
            ]
        },
        {
            "key": "易看资源",
            "name": "🐝易看资源",
            "type": 1,
            "api": "https://api.yikanapi.com/api.php/provide/vod/",
            "searchable": 1,
            "quickSearch": 1
        },
        {
            "key": "考拉直链",
            "name": "🐝考拉资源",
            "type": 1,
            "api": "https://ikaola.tv/api.php/provide/vod/",
            "searchable": 1,
            "quickSearch": 1
        },
        {
            "key": "百度资源",
            "name": "🥉百度资源",
            "type": 1,
            "api": "https://api.apibdzy.com/api.php/provide/vod/",
            "searchable": 1,
            "quickSearch": 1
        },
        {
            "key": "采集资源",
            "name": "🥉采集资源",
            "type": 1,
            "api": "https://caiji.kczyapi.com/api.php/provide/vod/",
            "searchable": 1,
            "quickSearch": 1
        },
        {
            "key": "大豆高清",
            "name": "🚛大豆高清",
            "type": 3,
            "api": "csp_AppYsV2",
            "searchable": 1,
            "quickSearch": 1,
            "filterable": 1,
            "ext": "http://www.dadou.cm/api.php/app/"
        },
        {
            "key": "蚂蚁",
            "name": "🚛蚂蚁┃秒播",
            "type": 3,
            "api": "csp_AppYsV2",
            "searchable": 1,
            "quickSearch": 1,
            "filterable": 1,
            "ext": "http://wushutvcms.byzz.top/api.php/app/"
        },
        {
            "key": "大豆影视",
            "name": "📟大豆影视的",
            "type": 3,
            "api": "csp_XBiubiu",
            "searchable": 1,
            "quickSearch": 1,
            "filterable": 0,
            "ext": "./canuse/大豆影视.js"
        },
        {
            "key": "csp_LiteApple",
            "name": "🍎小苹果",
            "type": 3,
            "api": "csp_LiteApple",
            "searchable": 1,
            "quickSearch": 1,
            "filterable": 1
        },
        {
            "key": "csp_Bdys01",
            "name": "📯哔嘀影视",
            "type": 3,
            "api": "csp_Bdys01",
            "searchable": 1,
            "quickSearch": 1,
            "filterable": 1
        },
        {
            "key": "csp_Kunyu77",
            "name": "🌤酷云七七",
            "type": 3,
            "api": "csp_Kunyu77",
            "searchable": 1,
            "quickSearch": 1,
            "filterable": 1
        },
        {
            "key": "csp_4K电影网",
            "name": "🥒4K电影网",
            "type": 3,
            "api": "csp_XBiubiu",
            "searchable": 1,
            "quickSearch": 1,
            "filterable": 0,
            "ext": "./canuse/4K电影网.json"
        },
        {
            "key": "csp_23影院",
            "name": "🥒23影院",
            "type": 3,
            "api": "csp_XBiubiu",
            "searchable": 1,
            "quickSearch": 1,
            "filterable": 0,
            "ext": "./canuse/23影院.json"
        },
        {
            "key": "csp_31看影视",
            "name": "🥒31看影视",
            "type": 3,
            "api": "csp_XBiubiu",
            "searchable": 1,
            "quickSearch": 1,
            "filterable": 0,
            "ext": "./canuse/31看影视.json"
        },
        {
            "key": "csp_87影院",
            "name": "🥒87影院",
            "type": 3,
            "api": "csp_XBiubiu",
            "searchable": 1,
            "quickSearch": 1,
            "filterable": 0,
            "ext": "./canuse/87影院.json"
        },
        {
            "key": "csp_139影视",
            "name": "🥒139影视",
            "type": 3,
            "api": "csp_XBiubiu",
            "searchable": 1,
            "quickSearch": 1,
            "filterable": 0,
            "ext": "./canuse/139影视.json"
        },
        {
            "key": "csp_348电影网",
            "name": "🥒348电影网",
            "type": 3,
            "api": "csp_XBiubiu",
            "searchable": 1,
            "quickSearch": 1,
            "filterable": 0,
            "ext": "./canuse/348电影网.json"
        },
        {
            "key": "csp_555",
            "name": "🥒555",
            "type": 3,
            "api": "csp_XBiubiu",
            "searchable": 1,
            "quickSearch": 1,
            "filterable": 0,
            "ext": "./canuse/555.json"
        },
        {
            "key": "csp_555dy",
            "name": "🥒555dy",
            "type": 3,
            "api": "csp_XBiubiu",
            "searchable": 1,
            "quickSearch": 1,
            "filterable": 0,
            "ext": "./canuse/555dy.json"
        },
        {
            "key": "csp_555电影",
            "name": "🥒555电影",
            "type": 3,
            "api": "csp_XBiubiu",
            "searchable": 1,
            "quickSearch": 1,
            "filterable": 0,
            "ext": "./canuse/555电影.json"
        },
        {
            "key": "csp_555电影2",
            "name": "🥒555电影2",
            "type": 3,
            "api": "csp_XBiubiu",
            "searchable": 1,
            "quickSearch": 1,
            "filterable": 0,
            "ext": "./canuse/555电影2.json"
        },
        {
            "key": "csp_555资源",
            "name": "🥒555资源",
            "type": 3,
            "api": "csp_XBiubiu",
            "searchable": 1,
            "quickSearch": 1,
            "filterable": 0,
            "ext": "./canuse/555资源.json"
        },
        {
            "key": "csp_1080Kkk",
            "name": "🥒1080Kkk",
            "type": 3,
            "api": "csp_XBiubiu",
            "searchable": 1,
            "quickSearch": 1,
            "filterable": 0,
            "ext": "./canuse/1080Kkk.json"
        },
        {
            "key": "csp_06288test",
            "name": "🥒06288test",
            "type": 3,
            "api": "csp_XBiubiu",
            "searchable": 1,
            "quickSearch": 1,
            "filterable": 0,
            "ext": "./canuse/06288test.json"
        },
        {
            "key": "csp_baoxian",
            "name": "🥒baoxian",
            "type": 3,
            "api": "csp_XBiubiu",
            "searchable": 1,
            "quickSearch": 1,
            "filterable": 0,
            "ext": "./canuse/baoxian.json"
        },
        {
            "key": "csp_bdys",
            "name": "🥒bdys",
            "type": 3,
            "api": "csp_XBiubiu",
            "searchable": 1,
            "quickSearch": 1,
            "filterable": 0,
            "ext": "./canuse/bdys.json"
        },
        {
            "key": "csp_city电影",
            "name": "🥒city电影",
            "type": 3,
            "api": "csp_XBiubiu",
            "searchable": 1,
            "quickSearch": 1,
            "filterable": 0,
            "ext": "./canuse/city电影.json"
        },
        {
            "key": "csp_et",
            "name": "🥒et",
            "type": 3,
            "api": "csp_XBiubiu",
            "searchable": 1,
            "quickSearch": 1,
            "filterable": 0,
            "ext": "./canuse/et.json"
        },
        {
            "key": "csp_Gimy",
            "name": "🥒Gimy",
            "type": 3,
            "api": "csp_XBiubiu",
            "searchable": 1,
            "quickSearch": 1,
            "filterable": 0,
            "ext": "./canuse/Gimy.json"
        },
        {
            "key": "csp_hdmoli",
            "name": "🥒hdmoli",
            "type": 3,
            "api": "csp_XBiubiu",
            "searchable": 1,
            "quickSearch": 1,
            "filterable": 0,
            "ext": "./canuse/hdmoli.json"
        },
        {
            "key": "csp_LIBVIO",
            "name": "🥒LIBVIO",
            "type": 3,
            "api": "csp_XBiubiu",
            "searchable": 1,
            "quickSearch": 1,
            "filterable": 0,
            "ext": "./canuse/LIBVIO.json"
        },
        {
            "key": "csp_nfyy",
            "name": "🥒nfyy",
            "type": 3,
            "api": "csp_XBiubiu",
            "searchable": 1,
            "quickSearch": 1,
            "filterable": 0,
            "ext": "./canuse/nfyy.json"
        },
        {
            "key": "csp_Nike影视网",
            "name": "🥒Nike影视网",
            "type": 3,
            "api": "csp_XBiubiu",
            "searchable": 1,
            "quickSearch": 1,
            "filterable": 0,
            "ext": "./canuse/Nike影视网.json"
        },
        {
            "key": "csp_nlyy",
            "name": "🥒nlyy",
            "type": 3,
            "api": "csp_XBiubiu",
            "searchable": 1,
            "quickSearch": 1,
            "filterable": 0,
            "ext": "./canuse/nlyy.json"
        },
        {
            "key": "csp_qiumi",
            "name": "🥒qiumi",
            "type": 3,
            "api": "csp_XBiubiu",
            "searchable": 1,
            "quickSearch": 1,
            "filterable": 0,
            "ext": "./canuse/qiumi.json"
        },
        {
            "key": "csp_shdy",
            "name": "🥒shdy",
            "type": 3,
            "api": "csp_XBiubiu",
            "searchable": 1,
            "quickSearch": 1,
            "filterable": 0,
            "ext": "./canuse/shdy.json"
        },
        {
            "key": "csp_VIP1280",
            "name": "🥒VIP1280",
            "type": 3,
            "api": "csp_XBiubiu",
            "searchable": 1,
            "quickSearch": 1,
            "filterable": 0,
            "ext": "./canuse/VIP1280.json"
        },
        {
            "key": "csp_YYDS影院",
            "name": "🥒YYDS影院",
            "type": 3,
            "api": "csp_XBiubiu",
            "searchable": 1,
            "quickSearch": 1,
            "filterable": 0,
            "ext": "./canuse/YYDS影院.json"
        },
        {
            "key": "csp_北川影视",
            "name": "🥒北川影视",
            "type": 3,
            "api": "csp_XBiubiu",
            "searchable": 1,
            "quickSearch": 1,
            "filterable": 0,
            "ext": "./canuse/北川影视.json"
        },
        {
            "key": "csp_哔嘀影视",
            "name": "🥒哔嘀影视",
            "type": 3,
            "api": "csp_XBiubiu",
            "searchable": 1,
            "quickSearch": 1,
            "filterable": 0,
            "ext": "./canuse/哔嘀影视.json"
        },
        {
            "key": "csp_茶杯狐",
            "name": "🥒茶杯狐",
            "type": 3,
            "api": "csp_XBiubiu",
            "searchable": 1,
            "quickSearch": 1,
            "filterable": 0,
            "ext": "./canuse/茶杯狐.json"
        },
        {
            "key": "csp_创艺影视",
            "name": "🥒创艺影视",
            "type": 3,
            "api": "csp_XBiubiu",
            "searchable": 1,
            "quickSearch": 1,
            "filterable": 0,
            "ext": "./canuse/创艺影视.json"
        },
        {
            "key": "csp_大米星球",
            "name": "🥒大米星球",
            "type": 3,
            "api": "csp_XBiubiu",
            "searchable": 1,
            "quickSearch": 1,
            "filterable": 0,
            "ext": "./canuse/大米星球.json"
        },
        {
            "key": "csp_饭团HD",
            "name": "🥒饭团HD",
            "type": 3,
            "api": "csp_XBiubiu",
            "searchable": 1,
            "quickSearch": 1,
            "filterable": 0,
            "ext": "./canuse/饭团HD.json"
        },
        {
            "key": "csp_干饭影视",
            "name": "🥒干饭影视",
            "type": 3,
            "api": "csp_XBiubiu",
            "searchable": 1,
            "quickSearch": 1,
            "filterable": 0,
            "ext": "./canuse/干饭影视.json"
        },
        {
            "key": "csp_神马影院",
            "name": "🥒神马影院",
            "type": 3,
            "api": "csp_XBiubiu",
            "searchable": 1,
            "quickSearch": 1,
            "filterable": 0,
            "ext": "./canuse/神马影院.json"
        },
        {
            "key": "ttzy",
            "name": "👰天堂资源(SP)",
            "type": 1,
            "api": "http://vipmv.cc/api.php/provide/vod/",
            "searchable": 1,
            "quickSearch": 1
        },
        {
            "key": "csp_红领巾",
            "name": "🥒红领巾影院",
            "type": 3,
            "api": "csp_XBiubiu",
            "searchable": 1,
            "quickSearch": 1,
            "filterable": 0,
            "ext": "./canuse/红领巾.json"
        },
        {
            "key": "csp_看一看影视",
            "name": "🥒看一看影视",
            "type": 3,
            "api": "csp_XBiubiu",
            "searchable": 1,
            "quickSearch": 1,
            "filterable": 0,
            "ext": "./canuse/看一看影视.json"
        },
        {
            "key": "csp_蓝光影视",
            "name": "🥒蓝光影视",
            "type": 3,
            "api": "csp_XBiubiu",
            "searchable": 1,
            "quickSearch": 1,
            "filterable": 0,
            "ext": "./canuse/蓝光影视.json"
        },
        {
            "key": "csp_私人影院",
            "name": "🥒私人影院",
            "type": 3,
            "api": "csp_XBiubiu",
            "searchable": 1,
            "quickSearch": 1,
            "filterable": 0,
            "ext": "./canuse/私人影院.json"
        },
        {
            "key": "csp_骚火电影",
            "name": "🥒骚火电影",
            "type": 3,
            "api": "csp_XBiubiu",
            "searchable": 1,
            "quickSearch": 1,
            "filterable": 0,
            "ext": "./canuse/骚火电影.json"
        },
        {
            "key": "csp_小熊影视",
            "name": "🥒小熊影视",
            "type": 3,
            "api": "csp_XBiubiu",
            "searchable": 1,
            "quickSearch": 1,
            "filterable": 0,
            "ext": "./canuse/小熊影视.json"
        },
        {
            "key": "csp_乌龟影院",
            "name": "🥒乌龟影院",
            "type": 3,
            "api": "csp_XBiubiu",
            "searchable": 1,
            "quickSearch": 1,
            "filterable": 0,
            "ext": "./canuse/乌龟影院.json"
        },
        {
            "key": "csp_特狗影视",
            "name": "🥒特狗影视",
            "type": 3,
            "api": "csp_XBiubiu",
            "searchable": 1,
            "quickSearch": 1,
            "filterable": 0,
            "ext": "./canuse/特狗影视.json"
        },
        {
            "key": "csp_星辰影院",
            "name": "🥒星辰影院",
            "type": 3,
            "api": "csp_XBiubiu",
            "searchable": 1,
            "quickSearch": 1,
            "filterable": 0,
            "ext": "./canuse/星辰影院.json"
        },
        {
            "key": "csp_奈菲影院",
            "name": "🥒奈菲影院",
            "type": 3,
            "api": "csp_XBiubiu",
            "searchable": 1,
            "quickSearch": 1,
            "filterable": 0,
            "ext": "./canuse/奈菲影院.json"
        },
        {
            "key": "csp_蚂蚁影视",
            "name": "🥒蚂蚁影视",
            "type": 3,
            "api": "csp_XBiubiu",
            "searchable": 1,
            "quickSearch": 1,
            "filterable": 0,
            "ext": "./canuse/蚂蚁影视.json"
        },
        {
            "key": "csp_在线电影",
            "name": "🥒在线电影",
            "type": 3,
            "api": "csp_XBiubiu",
            "searchable": 1,
            "quickSearch": 1,
            "filterable": 0,
            "ext": "./canuse/在线电影.json"
        }
    ],
    "parses": [
        {
            "name": "解析聚合",
            "type": 3,
            "url": "Demo"
        },
        {
            "name": "Json并发",
            "type": 2,
            "url": "Parallel"
        },
        {
            "name": "Json轮询",
            "type": 2,
            "url": "Sequence"
        },
        {
            "name": "GGTV快速",
            "type": 1,
            "url": "https://play.fuqizhishi.com/ganggang/API.php?appkey=QQ172598364&url="
        },
        {
            "name": "OKjx综合",
            "type": 0,
            "url": "https://okjx.cc/?url="
        }
    ],
    "flags": [
        "youku",
        "qq",
        "iqiyi",
        "imgo",
        "xueren",
        "m1905",
        "qiyi",
        "letv",
        "sohu",
        "tudou",
        "pptv",
        "dbm3u8",
        "mgtv",
        "wasu",
        "bilibili",
        "le",
        "duoduozy",
        "renrenmi",
        "xigua",
        "优酷",
        "西瓜",
        "乐视",
        "芒果",
        "腾讯",
        "爱奇艺",
        "奇艺",
        "ltnb",
        "rx",
        "CL4K",
        "xfyun",
        "wuduzy",
        "哔哩哔哩",
        "哔哩"
    ],
    "ijk": [
        {
            "group": "软解码",
            "options": [
                {
                    "category": 4,
                    "name": "opensles",
                    "value": "0"
                },
                {
                    "category": 4,
                    "name": "overlay-format",
                    "value": "842225234"
                },
                {
                    "category": 4,
                    "name": "framedrop",
                    "value": "1"
                },
                {
                    "category": 4,
                    "name": "soundtouch",
                    "value": "1"
                },
                {
                    "category": 4,
                    "name": "start-on-prepared",
                    "value": "1"
                },
                {
                    "category": 1,
                    "name": "http-detect-range-support",
                    "value": "0"
                },
                {
                    "category": 1,
                    "name": "fflags",
                    "value": "fastseek"
                },
                {
                    "category": 2,
                    "name": "skip_loop_filter",
                    "value": "48"
                },
                {
                    "category": 4,
                    "name": "reconnect",
                    "value": "1"
                },
                {
                    "category": 4,
                    "name": "enable-accurate-seek",
                    "value": "0"
                },
                {
                    "category": 4,
                    "name": "mediacodec",
                    "value": "0"
                },
                {
                    "category": 4,
                    "name": "mediacodec-auto-rotate",
                    "value": "0"
                },
                {
                    "category": 4,
                    "name": "mediacodec-handle-resolution-change",
                    "value": "0"
                },
                {
                    "category": 4,
                    "name": "mediacodec-hevc",
                    "value": "0"
                },
                {
                    "category": 1,
                    "name": "dns_cache_timeout",
                    "value": "600000000"
                }
            ]
        },
        {
            "group": "硬解码",
            "options": [
                {
                    "category": 4,
                    "name": "opensles",
                    "value": "0"
                },
                {
                    "category": 4,
                    "name": "overlay-format",
                    "value": "842225234"
                },
                {
                    "category": 4,
                    "name": "framedrop",
                    "value": "1"
                },
                {
                    "category": 4,
                    "name": "soundtouch",
                    "value": "1"
                },
                {
                    "category": 4,
                    "name": "start-on-prepared",
                    "value": "1"
                },
                {
                    "category": 1,
                    "name": "http-detect-range-support",
                    "value": "0"
                },
                {
                    "category": 1,
                    "name": "fflags",
                    "value": "fastseek"
                },
                {
                    "category": 2,
                    "name": "skip_loop_filter",
                    "value": "48"
                },
                {
                    "category": 4,
                    "name": "reconnect",
                    "value": "1"
                },
                {
                    "category": 4,
                    "name": "enable-accurate-seek",
                    "value": "0"
                },
                {
                    "category": 4,
                    "name": "mediacodec",
                    "value": "1"
                },
                {
                    "category": 4,
                    "name": "mediacodec-auto-rotate",
                    "value": "1"
                },
                {
                    "category": 4,
                    "name": "mediacodec-handle-resolution-change",
                    "value": "1"
                },
                {
                    "category": 4,
                    "name": "mediacodec-hevc",
                    "value": "1"
                },
                {
                    "category": 1,
                    "name": "dns_cache_timeout",
                    "value": "600000000"
                }
            ]
        }
    ],
    "wallpaper": "http://52bsj.vip:82/late",
    "ads": [
        "mimg.0c1q0l.cn",
        "www.googletagmanager.com",
        "www.google-analytics.com",
        "mc.usihnbcq.cn",
        "mg.g1mm3d.cn",
        "mscs.svaeuzh.cn",
        "cnzz.hhttm.top",
        "tp.vinuxhome.com",
        "cnzz.mmstat.com",
        "www.baihuillq.com",
        "s23.cnzz.com",
        "z3.cnzz.com",
        "c.cnzz.com",
        "stj.v1vo.top",
        "z12.cnzz.com",
        "img.mosflower.cn",
        "tips.gamevvip.com",
        "ehwe.yhdtns.com",
        "xdn.cqqc3.com",
        "www.jixunkyy.cn",
        "sp.chemacid.cn",
        "hm.baidu.com",
        "s9.cnzz.com",
        "z6.cnzz.com",
        "um.cavuc.com",
        "mav.mavuz.com",
        "wofwk.aoidf3.com",
        "z5.cnzz.com",
        "xc.hubeijieshikj.cn",
        "tj.tianwenhu.com",
        "xg.gars57.cn",
        "k.jinxiuzhilv.com",
        "cdn.bootcss.com",
        "ppl.xunzhuo123.com",
        "xomk.jiangjunmh.top",
        "img.xunzhuo123.com",
        "z1.cnzz.com",
        "s13.cnzz.com",
        "xg.huataisangao.cn",
        "z7.cnzz.com",
        "xg.huataisangao.cn",
        "z2.cnzz.com",
        "s96.cnzz.com",
        "q11.cnzz.com",
        "thy.dacedsfa.cn",
        "xg.whsbpw.cn",
        "s19.cnzz.com",
        "z8.cnzz.com",
        "s4.cnzz.com",
        "f5w.as12df.top",
        "ae01.alicdn.com",
        "www.92424.cn",
        "k.wudejia.com",
        "vivovip.mmszxc.top",
        "qiu.xixiqiu.com",
        "cdnjs.hnfenxun.com",
        "cms.qdwght.com"
    ]
}