{
  "classes": [
  {
      "type_name": "小姐姐合集",
      "type_id": "小姐姐超清"
    },
    {
      "type_name": "国内小姐姐",
      "type_id": "国内小姐姐超清"
    },
    {
      "type_name": "韩国小姐姐",
      "type_id": "韩国小姐姐超清"
    },
   {
      "type_name": "日本小姐姐",
      "type_id": "日本小姐姐超清"
    },
    {
      "type_name": "人间胸器小姐姐",
      "type_id": "人间胸器小姐姐超清"
    },
    {
      "type_name": "性感小姐姐",
      "type_id": "性感小姐姐超清"
    },
    {
      "type_name": "俄罗斯小姐姐",
      "type_id": "俄罗斯小姐姐超清"
    },
        {
      "type_name": "混血小姐姐",
      "type_id": "混血小姐姐超清"
    },
        {
      "type_name": "越南小姐姐",
      "type_id": "越南小姐姐超清"
    },
        {
      "type_name": "抖音热门小姐姐",
      "type_id": "抖音热门小姐姐"
    },
        {
      "type_name": "快手热门美女",
      "type_id": "快手热门美女"
    },
        {
      "type_name": "打碟小姐姐",
      "type_id": "打碟小姐姐超清"
    },
        {
      "type_name": "冲浪小姐姐",
      "type_id": "冲浪小姐姐超清"
    },
        {
      "type_name": "蹦迪小姐姐",
      "type_id": "蹦迪小姐姐超清"
    },
  {
      "type_name": "艺校小姐姐",
      "type_id": "艺校小姐姐超清"
    },
    {
      "type_name": "环球小姐",
      "type_id": "环球小姐"
    },
        {
      "type_name": "泰国人妖",
      "type_id": "泰国人妖超清"
    }
    

    ],
    
    "cookie": "innersign=0;buvid3=2E536ADC-CD6D-46AB-A9FF-904395151EE369713infoc;b_nut=1669016569;i-wanna-go-back=-1;b_ut=7;_uuid=761F7F106-C575-884D-6C10A-92BC10A10D10FBC68934infoc;buvid4=5B25B999-AE15-E09A-A0CC-3661981B71BF70255-122112115-JOyWSaNZfI2kZmT1KYmcQA%3D%3D;fingerprint=6d9ef93c89a567d22b6a9c4104e6cc50;buvid_fp_plain=undefined;buvid_fp=6d9ef93c89a567d22b6a9c4104e6cc50;SESSDATA=2d6f63c8%2C1684568607%2C19eb6%2Ab1;bili_jct=21d538b01566c26afc81ff68c2ac7dca;DedeUserID=3493083203242585;DedeUserID__ckMd5=7b86f3894ed7f8c0;sid=ng0uyvaz;b_lsid=97FB69A2_1869DE8E2C5;bg_view_44176=720227",
     //"cookie":"_uuid=5E4B2B98-1014A-84D8-FA33-EC210C5BEC10DA82367infoc; buvid3=E9D0A426-85E9-E6C7-C75E-206A3E1BEB4D81910infoc; b_nut=1666168082; buvid4=4FC87B9C-3540-2275-688C-8612D3EA719B81910-022101916-ZLe640jXRAMHySuaCe9aUw==; rpdid=|(k|u)YYm)uY0J'uYYYuY)uuu; i-wanna-go-back=-1; fingerprint=9c214a6da0197a48e576ccf22e9f0ac7; buvid_fp_plain=undefined; nostalgia_conf=-1; DedeUserID=3493076028885079; DedeUserID__ckMd5=60a8757a1f4d6ae9; buvid_fp=9c214a6da0197a48e576ccf22e9f0ac7; CURRENT_QUALITY=80; b_ut=5; PVID=2; bp_video_offset_3493076028885079=undefined; bsource=search_google; SESSDATA=42b8ada6,1683277266,4bd05*b2; bili_jct=2dbe39aea02b41324395630a24d4775f; sid=89gnel66; innersign=0; b_lsid=9EF63922_1844D55A286; CURRENT_FNVAL=4048",

  "filter": {
"小姐姐超清": [
{"key": "order","name": "排序","value": [
{"n": "综合排序","v": "0"},
{"n": "最多点击","v": "click"},
{"n": "最新发布","v": "pubdate"},
{"n": "最多弹幕","v": "dm"},
{"n": "最多收藏","v": "stow"}
]
},


{"key": "duration","name": "时长","value": [
{"n": "全部时长","v": "0"},
{"n": "60分钟以上","v": "4"},
{"n": "30~60分钟","v": "3"},
{"n": "10~30分钟","v": "2"},
{"n": "10分钟以下","v": "1"}

]}
],
  "国内小姐姐超清":[
{"key": "order","name": "排序","value": [
{"n": "综合排序","v": "0"},
{"n": "最多点击","v": "click"},
{"n": "最新发布","v": "pubdate"},
{"n": "最多弹幕","v": "dm"},
{"n": "最多收藏","v": "stow"}
]
},

{"key":"duration","name":"时长","value":[
{"n":"全部","v":"0"},
{"n":"60分钟以上","v":"4"},
{"n":"30~60分钟","v":"3"},
{"n":"10~30分钟","v":"2"},
{"n":"10分钟以下","v":"1"}
]}
],

  "韩国小姐姐超清":[
{"key": "order","name": "排序","value": [
{"n": "综合排序","v": "0"},
{"n": "最多点击","v": "click"},
{"n": "最新发布","v": "pubdate"},
{"n": "最多弹幕","v": "dm"},
{"n": "最多收藏","v": "stow"}
]
},

{"key":"duration","name":"时长","value":[
{"n":"全部","v":"0"},
{"n":"60分钟以上","v":"4"},
{"n":"30~60分钟","v":"3"},
{"n":"10~30分钟","v":"2"},
{"n":"10分钟以下","v":"1"}
]}
],

  "日本小姐姐超清":[
{"key": "order","name": "排序","value": [
{"n": "综合排序","v": "0"},
{"n": "最多点击","v": "click"},
{"n": "最新发布","v": "pubdate"},
{"n": "最多弹幕","v": "dm"},
{"n": "最多收藏","v": "stow"}
]
},

{"key":"duration","name":"时长","value":[
{"n":"全部","v":"0"},
{"n":"60分钟以上","v":"4"},
{"n":"30~60分钟","v":"3"},
{"n":"10~30分钟","v":"2"},
{"n":"10分钟以下","v":"1"}
]}
],

  "人间胸器小姐姐超清":[
{"key": "order","name": "排序","value": [
{"n": "综合排序","v": "0"},
{"n": "最多点击","v": "click"},
{"n": "最新发布","v": "pubdate"},
{"n": "最多弹幕","v": "dm"},
{"n": "最多收藏","v": "stow"}
]
},

{"key":"duration","name":"时长","value":[
{"n":"全部","v":"0"},
{"n":"60分钟以上","v":"4"},
{"n":"30~60分钟","v":"3"},
{"n":"10~30分钟","v":"2"},
{"n":"10分钟以下","v":"1"}
]}
],

  "性感小姐姐超清":[
{"key": "order","name": "排序","value": [
{"n": "综合排序","v": "0"},
{"n": "最多点击","v": "click"},
{"n": "最新发布","v": "pubdate"},
{"n": "最多弹幕","v": "dm"},
{"n": "最多收藏","v": "stow"}
]
},

{"key":"duration","name":"时长","value":[
{"n":"全部","v":"0"},
{"n":"60分钟以上","v":"4"},
{"n":"30~60分钟","v":"3"},
{"n":"10~30分钟","v":"2"},
{"n":"10分钟以下","v":"1"}
]}
],

  "俄罗斯小姐姐超清":[
{"key": "order","name": "排序","value": [
{"n": "综合排序","v": "0"},
{"n": "最多点击","v": "click"},
{"n": "最新发布","v": "pubdate"},
{"n": "最多弹幕","v": "dm"},
{"n": "最多收藏","v": "stow"}
]
},

{"key":"duration","name":"时长","value":[
{"n":"全部","v":"0"},
{"n":"60分钟以上","v":"4"},
{"n":"30~60分钟","v":"3"},
{"n":"10~30分钟","v":"2"},
{"n":"10分钟以下","v":"1"}
]}
],

  "混血小姐姐超清":[
{"key": "order","name": "排序","value": [
{"n": "综合排序","v": "0"},
{"n": "最多点击","v": "click"},
{"n": "最新发布","v": "pubdate"},
{"n": "最多弹幕","v": "dm"},
{"n": "最多收藏","v": "stow"}
]
},

{"key":"duration","name":"时长","value":[
{"n":"全部","v":"0"},
{"n":"60分钟以上","v":"4"},
{"n":"30~60分钟","v":"3"},
{"n":"10~30分钟","v":"2"},
{"n":"10分钟以下","v":"1"}
]}
],

  "越南小姐姐超清":[
{"key": "order","name": "排序","value": [
{"n": "综合排序","v": "0"},
{"n": "最多点击","v": "click"},
{"n": "最新发布","v": "pubdate"},
{"n": "最多弹幕","v": "dm"},
{"n": "最多收藏","v": "stow"}
]
},

{"key":"duration","name":"时长","value":[
{"n":"全部","v":"0"},
{"n":"60分钟以上","v":"4"},
{"n":"30~60分钟","v":"3"},
{"n":"10~30分钟","v":"2"},
{"n":"10分钟以下","v":"1"}
]}
],

  "抖音热门小姐姐":[
{"key": "order","name": "排序","value": [
{"n": "综合排序","v": "0"},
{"n": "最多点击","v": "click"},
{"n": "最新发布","v": "pubdate"},
{"n": "最多弹幕","v": "dm"},
{"n": "最多收藏","v": "stow"}
]
},

{"key":"duration","name":"时长","value":[
{"n":"全部","v":"0"},
{"n":"60分钟以上","v":"4"},
{"n":"30~60分钟","v":"3"},
{"n":"10~30分钟","v":"2"},
{"n":"10分钟以下","v":"1"}
]}
],

  "快手热门美女":[
{"key": "order","name": "排序","value": [
{"n": "综合排序","v": "0"},
{"n": "最多点击","v": "click"},
{"n": "最新发布","v": "pubdate"},
{"n": "最多弹幕","v": "dm"},
{"n": "最多收藏","v": "stow"}
]
},

{"key":"duration","name":"时长","value":[
{"n":"全部","v":"0"},
{"n":"60分钟以上","v":"4"},
{"n":"30~60分钟","v":"3"},
{"n":"10~30分钟","v":"2"},
{"n":"10分钟以下","v":"1"}
]}
],

  "打碟小姐姐超清":[
{"key": "order","name": "排序","value": [
{"n": "综合排序","v": "0"},
{"n": "最多点击","v": "click"},
{"n": "最新发布","v": "pubdate"},
{"n": "最多弹幕","v": "dm"},
{"n": "最多收藏","v": "stow"}
]
},

{"key":"duration","name":"时长","value":[
{"n":"全部","v":"0"},
{"n":"60分钟以上","v":"4"},
{"n":"30~60分钟","v":"3"},
{"n":"10~30分钟","v":"2"},
{"n":"10分钟以下","v":"1"}
]}
],

  "冲浪小姐姐超清":[
{"key": "order","name": "排序","value": [
{"n": "综合排序","v": "0"},
{"n": "最多点击","v": "click"},
{"n": "最新发布","v": "pubdate"},
{"n": "最多弹幕","v": "dm"},
{"n": "最多收藏","v": "stow"}
]
},

{"key":"duration","name":"时长","value":[
{"n":"全部","v":"0"},
{"n":"60分钟以上","v":"4"},
{"n":"30~60分钟","v":"3"},
{"n":"10~30分钟","v":"2"},
{"n":"10分钟以下","v":"1"}
]}
],

  "蹦迪小姐姐超清":[
{"key": "order","name": "排序","value": [
{"n": "综合排序","v": "0"},
{"n": "最多点击","v": "click"},
{"n": "最新发布","v": "pubdate"},
{"n": "最多弹幕","v": "dm"},
{"n": "最多收藏","v": "stow"}
]
},

{"key":"duration","name":"时长","value":[
{"n":"全部","v":"0"},
{"n":"60分钟以上","v":"4"},
{"n":"30~60分钟","v":"3"},
{"n":"10~30分钟","v":"2"},
{"n":"10分钟以下","v":"1"}
]}
],

  "艺校小姐姐超清":[
{"key": "order","name": "排序","value": [
{"n": "综合排序","v": "0"},
{"n": "最多点击","v": "click"},
{"n": "最新发布","v": "pubdate"},
{"n": "最多弹幕","v": "dm"},
{"n": "最多收藏","v": "stow"}
]
},

{"key":"duration","name":"时长","value":[
{"n":"全部","v":"0"},
{"n":"60分钟以上","v":"4"},
{"n":"30~60分钟","v":"3"},
{"n":"10~30分钟","v":"2"},
{"n":"10分钟以下","v":"1"}
]}
],

  "环球小姐":[
{"key": "order","name": "排序","value": [
{"n": "综合排序","v": "0"},
{"n": "最多点击","v": "click"},
{"n": "最新发布","v": "pubdate"},
{"n": "最多弹幕","v": "dm"},
{"n": "最多收藏","v": "stow"}
]
},

{"key":"duration","name":"时长","value":[
{"n":"全部","v":"0"},
{"n":"60分钟以上","v":"4"},
{"n":"30~60分钟","v":"3"},
{"n":"10~30分钟","v":"2"},
{"n":"10分钟以下","v":"1"}
]}
],

  "泰国人妖超清":[
{"key": "order","name": "排序","value": [
{"n": "综合排序","v": "0"},
{"n": "最多点击","v": "click"},
{"n": "最新发布","v": "pubdate"},
{"n": "最多弹幕","v": "dm"},
{"n": "最多收藏","v": "stow"}
]
},

{"key":"duration","name":"时长","value":[
{"n":"全部","v":"0"},
{"n":"60分钟以上","v":"4"},
{"n":"30~60分钟","v":"3"},
{"n":"10~30分钟","v":"2"},
{"n":"10分钟以下","v":"1"}
]}
]

}}