{
"spider":"./pandaQ230823.jar?sign=x3IH2EXisG6-YPvlUuibYqI6oQmR_ivepK8N3akpEi8%3D%3A0",
"dairyWords": [{
    "name": "rating",
    "request": {
     "method": "GET",
     "url": {
      "raw": "https://saying.api.azwcl.com/saying/get"
     }
    },
    "response": {
        "result": "$.data.content"
    },
    "expires" : "43200"
}],


"rules": [
{"host": "*","rule": ["default.365yg.com"]},
{"host": "dyxs20.com","rule": [".m3u8"]},
{"host": "www.agemys.cc","rule": ["cdn-tos","obj/tos-cn"]},
{"host": "zjmiao.com","rule": ["play.videomiao.vip/API.php","time="]},
{"host":"*", "rule":["douyinvod.com", "/video/tos/cn/"]}, 
{"host":"*", "rule":["default.365yg.com", "/video/tos/cn/"]},  
{"host":"*", "rule":["aliyundrive.net", "response-content-disposition=", ".m3u8"]},
{"host":"*", "rule":["aliyundrive.net", "response-content-disposition=", ".mp4"]}, 
{"host":"*", "rule":["aliyundrive.net", "response-content-disposition=", ".mkv"]}, 
{"host":"*", "rule":["/m3u8.php?path=", ".m3u8"]}, 
{"host":"zjmiao.com", "rule":["play.videomiao.vip/API.php", "time=", "key=", "path="]},  
{"host":"*", "rule":["/API.php?time=", "key=", "path=", ".m3u8"]},
{"host":"*", "rule":["oss-cn-m3u8", "myqcloud.com.zh188.net", "?url=", ".m3u8"]}, 
{"host":"www.007ts.me", "rule":["hls.pchj.net", ".m3u8"]},
{"host":"*", "rule":["iesdouyin.com/aweme", "video_id="]},
{"host":"*", "rule":["huoshan.com", "/item/video/"]},
{"host":"*", "rule":["http((?!http).){12,}?\\.(m3u8|mp4|flv|avi|mkv|rm|wmv|mpg|m4a)\\?.*"]},
{"host":"*", "rule":["http((?!http).){12,}\\.(m3u8|mp4|flv|avi|mkv|rm|wmv|mpg|m4a)"]},
{"host":"*", "rule":["mp3"]},
{"host":"*", "rule":["m4a"]}],


"lives":[{"group":"redirect","channels":[{"name":"redirect","urls":["proxy://do=live&type=txt&ext=aHR0cDovLzUyYnNqLnZpcDo4MS9hcGkvdjMvZmlsZS9nZXQvODIwNTIvJUU3JTlCJUI0JUU2JTkyJUFELnR4dD9zaWduPWItYl9VQjZ3NDJXOE5KSEZ3aW1NNEtaVFNTUHpQZmNtOC13R1NaNE5YYU0lM0QlM0Ew"]}]}],

"sites":[




    {
      "key": " 在线┃直播",
      "name": "📺┃竞技┃直播",
      "type": 3,
      "api": "csp_Yj1211",
      "searchable": 1,
      "quickSearch": 1,
      "filterable": 1
    },
    {
      "key": "alist",
      "name": "🍰┃小鸭┃网盘",
      "type": 3,
      "api": "csp_AList",
      "searchable": 1,
      "quickSearch": 1,
      "filterable": 1,
      "ext": "./lib/alist.json"
    },



 {
      "key": "厂长",
      "name": "🏭┃厂长┃影视",
      "type": 3,
      "api": "csp_Czsapp",
      "searchable": 1,
      "quickSearch": 1,
      "filterable": 1,
      "playerType": 2,
      "ext": "https://cz01.me/"
    },
    {
      "key": "csp_FanYY",
      "name": "🧸┃玩偶┃影视",
      "type": 3,
      "api": "csp_WoGG",
      "searchable": 1,
      "quickSearch": 1,
      "filterable": 1,
      "ext": "http://127.0.0.1:9978/file/fatcat/token.txt$$$https://wogg.xyz/"
    },
    {
      "key": "csp_AppMr",
      "name": "👻┃明明┃影视",
      "type": 3,
      "api": "csp_AppMr",
      "searchable": 1,
      "quickSearch": 1,
      "filterable": 1
    },
    {
      "key": "奇奇",
      "name": "🐭┃奇奇┃影视",
      "type": 3,
      "api": "csp_AppYsV2",
      "playerType": "2",
      "ext": "https://ttsp.live/api.php/app/",
      "searchable": 1,
      "quickSearch": 1,
      "filterable": 1
    },

    {
      "key": "Kuaikan",
      "name": "👀┃快看┃影视",
      "type": 3,
      "api": "csp_Kuaikan",
      "searchable": 1,
      "quickSearch": 1,
      "filterable": 1
    },

    {
      "key": "辣辣",
      "name": "🌶️┃辣辣┃影视",
      "type": 3,
      "api": "csp_AppYs",
      "searchable": 1,
      "quickSearch": 1,
      "filterable": 1,
      "ext": "http://www.miniku.cc/xgapp.php/v2/",
      "jar": "./lib/5.jar;md5;c570b052645834a1109b54421c1552f9"
    },
    {
      "key": "蘑菇",
      "name": "🍄┃蘑菇┃影视",
      "type": 3,
      "api": "csp_XBPQ",
      "searchable": 1,
      "quickSearch": 1,
      "filterable": 1,
      "ext": "./lib/蘑菇.json"
    },
    {
      "key": "csp_Lib",
      "name": "💫┃Lib  ┃影视",
      "type": 3,
      "api": "csp_Libvio",
      "searchable": 1,
      "quickSearch": 1,
      "filterable": 0,
      "playerType": 2,
      "ext": "https://www.libvio.fun/"
    },

    {
      "key": "鸭鸭",
      "name": "🦆┃鸭鸭┃影视",
      "type": 3,
      "api": "csp_AppYsV2",
      "searchable": 1,
      "quickSearch": 1,
      "filterable": 1,
      "ext": "https://yayayaaapp.ynf.icu/api.php/app/"
    },

{"key":"csp_XYQBiu_斗鱼","name":"🐟┃斗鱼┃直播","type":3,"api":"csp_XYQBiu","searchable":0,"quickSearch":0,"filterable":0,"ext":"./lib/斗鱼.json"},



{
      "key":"csp_XYQBiu_短视频",
      "name":"📱短视频分享(XYQ)",
      "type":3,
      "api":"csp_XYQBiu",
      "searchable":1,
      "quickSearch":1,
      "filterable":0,
       "ext":"./lib/dsp.json?sign=UA_8tuogF31HMhrGVyNOy3aKApOec1WtlMoUYfQT-bM=:0"
    },



{"key": "歌舞","name": "💜吾爱印度歌舞","type": 3,"api": "csp_Bili","searchable": 0,"quickSearch": 0,"filterable": 1,"ext": "./lib/印度歌舞.json?sign=objRswLsG5JDNbAai3-2iJ8lf4yb0CjV3aqE1fD9_5g=:0","spider":"./pandaQ230823.jar?sign=K2U3FqRBh-kFNgDJFpxZjZYwxV6EeTlf4QWZ9dPjc8o%3D%3A0"},

{"key": "春节","name": "🧡吾爱春节","type": 3,"api": "csp_Bili","searchable": 0,"quickSearch": 0,"filterable": 1,"ext": "./lib/吾爱春节.json?sign=5HB6-KUN4rVZ9N-EV38XtGudwoIRWJQn8X2rwrwK4ys=:0","spider":"./pandaQ230823.jar?sign=K2U3FqRBh-kFNgDJFpxZjZYwxV6EeTlf4QWZ9dPjc8o%3D%3A0"},

{"key": "乐器","name": "🖤吾爱乐器","type": 3,"api": "csp_Bili","searchable": 0,"quickSearch": 0,"filterable": 1,"ext": "./lib/吾爱乐器.json?sign=z4Y7NjVCJaL5btPsV1J6EUBINaJ79WGmTzh_mjJlM-A=:0","spider":"./pandaQ230823.jar?sign=K2U3FqRBh-kFNgDJFpxZjZYwxV6EeTlf4QWZ9dPjc8o%3D%3A0"},

{"key": "牙齿","name": "⚽️吾爱牙齿","type": 3,"api": "csp_Bili","searchable": 0,"quickSearch": 0,"filterable": 1,"ext": "./lib/吾爱牙齿.json?sign=jyFR9Jrtu-5NnzTl9bKKcyhpXzgd1Byji7sdM9VVULk=:0","spider":"./pandaQ230823.jar?sign=K2U3FqRBh-kFNgDJFpxZjZYwxV6EeTlf4QWZ9dPjc8o%3D%3A0"},

{"key": "户外","name": "💛吾爱户外","type": 3,"api": "csp_Bili","searchable": 0,"quickSearch": 0,"filterable": 1,"ext": "./lib/吾爱户外.json?sign=AkRYax82jb9Bb2zmsQtjBG1T6-kL5_K7k3zBWkfl-NI=:0","spider":"./pandaQ230823.jar?sign=K2U3FqRBh-kFNgDJFpxZjZYwxV6EeTlf4QWZ9dPjc8o%3D%3A0"},

{"key": "搭讪","name": "🦄吾爱搭讪","type": 3,"api": "csp_Bili","searchable": 0,"quickSearch": 0,"filterable": 1,"ext": "./lib/吾爱搭讪.json?sign=gip9Kawqr484bHHBk7lptxFssHFT6EZyyFiDQ3KzHt8=:0","spider":"./pandaQ230823.jar?sign=K2U3FqRBh-kFNgDJFpxZjZYwxV6EeTlf4QWZ9dPjc8o%3D%3A0"},

{"key": "搭配","name": "🎗️吾爱搭配","type": 3,"api": "csp_Bili","searchable": 0,"quickSearch": 0,"filterable": 1,"ext": "./lib/吾爱搭配.json?sign=JOkB1eN1Hho8MwGLZjaTqNUPrLDhCBvgv6yNiUqaRdQ=:0","spider":"./pandaQ230823.jar?sign=K2U3FqRBh-kFNgDJFpxZjZYwxV6EeTlf4QWZ9dPjc8o%3D%3A0"},

{"key": "PS","name": "🐼吾爱PS","type": 3,"api": "csp_Bili","searchable": 0,"quickSearch": 0,"filterable": 1,"ext": "./lib/吾爱PS.json?sign=D0w9SL-S30iOiTDUeRxAT8wPAuFA-XHUcqkwjWqTipA=:0","spider":"./pandaQ230823.jar?sign=K2U3FqRBh-kFNgDJFpxZjZYwxV6EeTlf4QWZ9dPjc8o%3D%3A0"},

{"key": "外语","name": "🎗️吾爱外语","type": 3,"api": "csp_Bili","searchable": 0,"quickSearch": 0,"filterable": 1,"ext": "./lib/吾爱外语.json?sign=_YbE-avvgf2pfwBJaT7bSJwdJCz9LSN7W0Q9qRjumMQ=:0","spider":"./pandaQ230823.jar?sign=K2U3FqRBh-kFNgDJFpxZjZYwxV6EeTlf4QWZ9dPjc8o%3D%3A0"},

{"key": "舞蹈","name": "🦊吾爱舞蹈","type": 3,"api": "csp_Bili","searchable": 0,"quickSearch": 0,"filterable": 1,"ext": "./lib/吾爱舞蹈.json?sign=E9PR-_2s_wEokfhY9mh8NMGPnf7iwyItONSu421JwpM=:0","spider":"./pandaQ230823.jar?sign=K2U3FqRBh-kFNgDJFpxZjZYwxV6EeTlf4QWZ9dPjc8o%3D%3A0"},

{"key": "解说","name": "⚽️吾爱电影解说","type": 3,"api": "csp_Bili","searchable": 0,"quickSearch": 0,"filterable": 1,"ext": "./lib/影视解说.json?sign=ZgoiPxJXGAXlWnLNErDJweGcfKoXnVdlm0hIlJvCTac=:0","spider":"./pandaQ230823.jar?sign=K2U3FqRBh-kFNgDJFpxZjZYwxV6EeTlf4QWZ9dPjc8o%3D%3A0"},

{"key": "新哔哩","name": "🎗️新哔哩","type": 3,"api": "csp_Bili","searchable": 0,"quickSearch": 0,"filterable": 1,"ext": "./lib/新哔哩.json?sign=QazybKXwzmWoHOgB7KqgvRUZa7lYsZEsGRxUkCPQXmY=:0","spider":"./pandaQ230823.jar?sign=K2U3FqRBh-kFNgDJFpxZjZYwxV6EeTlf4QWZ9dPjc8o%3D%3A0"},

{"key": "体育","name": "💋吾爱体育","type": 3,"api": "csp_Bili","searchable": 0,"quickSearch": 0,"filterable": 1,"ext": "http://52bsj.vip:81/api/v3/file/get/35423/%E5%90%BE%E7%88%B1%E4%BD%93%E8%82%B2.m3u?sign=-GBwQ-3ksdyk3lX7c7JOuLvMaBRX95zIL9PUjPPImsM%3D%3A0","spider":"./pandaQ230823.jar?sign=K2U3FqRBh-kFNgDJFpxZjZYwxV6EeTlf4QWZ9dPjc8o%3D%3A0"},

{"key": "球类","name": "⚽️吾爱球球","type": 3,"api": "csp_Bili","searchable": 0,"quickSearch": 0,"filterable": 1,"ext": "http://52bsj.vip:81/api/v3/file/get/30441/%E5%90%BE%E7%88%B1%E4%BD%93%E8%82%B20811.m3u?sign=7_RiK9ou54Do_u6kRgkj3f2VN76-Cd2Zq9865eNXI2Q%3D%3A0","spider":"./pandaQ230823.jar?sign=K2U3FqRBh-kFNgDJFpxZjZYwxV6EeTlf4QWZ9dPjc8o%3D%3A0"},

{"key": "美食","name": " 🧡吾爱美食","type": 3,"api": "csp_Bili","searchable": 0,"quickSearch": 0,"filterable": 1,"ext": "http://52bsj.vip:81/api/v3/file/get/17181/%E5%90%BE%E7%88%B1%E7%BE%8E%E9%A3%9F0804.m3u?sign=8AZYYTTMZ8XjyAk_BENuUbWe350zHymzMdrG6fGE2H8%3D%3A0","spider":"./pandaQ230823.jar?sign=K2U3FqRBh-kFNgDJFpxZjZYwxV6EeTlf4QWZ9dPjc8o%3D%3A0"},

{"key": "棋牌","name": " 💔吾爱棋牌","type": 3,"api": "csp_Bili","searchable": 0,"quickSearch": 0,"filterable": 1,"pwd":"50905d7b2216bfeccb5b41016357176b","ext": "http://52bsj.vip:81/api/v3/file/get/18775/%E5%90%BE%E7%88%B1%E6%A3%8B%E7%89%8C0806.m3u?sign=O6sXUxVC6QET_CvmtKwy18VlNi9GTyHWVNo91buKMbc%3D%3A0","spider":"./pandaQ230823.jar?sign=K2U3FqRBh-kFNgDJFpxZjZYwxV6EeTlf4QWZ9dPjc8o%3D%3A0"},

{"key": "UP主","name": " 🖤吾爱UP主","type": 3,"api": "csp_Bili","searchable":0,"quickSearch": 0,"filterable": 1,"ext": "./lib/吾爱UP主合集.json?sign=DeQdPrG46oni5nhoRk_RENrU0Mp6jGaD6jMUFh_ung4=:0","spider":"./pandaQ230823.jar?sign=K2U3FqRBh-kFNgDJFpxZjZYwxV6EeTlf4QWZ9dPjc8o%3D%3A0"},

{"key": "演唱会自定义","name": " 💛吾爱演唱会","type": 3,"api": "csp_Bili","searchable": 0,"quickSearch": 0,"filterable": 1,"ext": "./lib/演唱会-哔哩0723.json?sign=DDKIY_ztUCVB6BpF3yqKBbzoE6z7HLEIopBIM2f5y0M=:0","spider":"./pandaQ230823.jar?sign=K2U3FqRBh-kFNgDJFpxZjZYwxV6EeTlf4QWZ9dPjc8o%3D%3A0"},

{"key": "MV","name": " 💚吾爱MV","type": 3,"api": "csp_Bili","searchable": 0,"quickSearch": 0,"filterable": 1,"ext": "./lib/MTV-哔哩0723.json?sign=MssMqfKTRURsrikq-zkJpo5eDMCplQp6nH7JbFESra8=:0","spider":"./pandaQ230823.jar?sign=K2U3FqRBh-kFNgDJFpxZjZYwxV6EeTlf4QWZ9dPjc8o%3D%3A0"},

{"key": "学堂","name": " 💙吾爱学堂","type": 3,"api": "csp_Bili","searchable":0,"quickSearch": 0,"filterable": 1,"ext": "http://52bsj.vip:81/api/v3/file/get/1572/%E5%90%BE%E7%88%B1%E5%AD%A6%E5%A0%820804.m3u?sign=m0FU-h5ZHcb8m0mrj8K1jolIeMUfxttQL3bjLTrIQJg%3D%3A0","spider":"./pandaQ230823.jar?sign=K2U3FqRBh-kFNgDJFpxZjZYwxV6EeTlf4QWZ9dPjc8o%3D%3A0"},

{"key": "吾爱学堂小学","name": " 💙吾爱学堂小学","type": 3,"api": "csp_Bili","searchable":0,"quickSearch": 0,"filterable": 1,"ext": "./lib/哔哩哔哩小学.json?sign=ottDC63hhG794F1nESHvdE-qqBb3mz7vO6ZqzRCUk6g=:0","spider":"./pandaQ230823.jar?sign=K2U3FqRBh-kFNgDJFpxZjZYwxV6EeTlf4QWZ9dPjc8o%3D%3A0"},

{"key": "吾爱学堂初中","name": " 💙吾爱学堂初中","type": 3,"api": "csp_Bili","searchable":0,"quickSearch": 0,"filterable": 1,"ext": "./lib/哔哩哔哩初中.json?sign=R1JCtzNPS0aiXYcFwih52kjPzgUcrQWq30s1mMg4ig0=:0","spider":"./pandaQ230823.jar?sign=K2U3FqRBh-kFNgDJFpxZjZYwxV6EeTlf4QWZ9dPjc8o%3D%3A0"},

{"key": "吾爱学堂高中","name": " 💙吾爱学堂高中","type": 3,"api": "csp_Bili","searchable":0,"quickSearch": 0,"filterable": 1,"ext": "./lib/哔哩哔哩高中.json?sign=L-dziBVI37SAtdNfUR547dylvCxhuwkmi1J1qA4EFxI=:0","spider":"./pandaQ230823.jar?sign=K2U3FqRBh-kFNgDJFpxZjZYwxV6EeTlf4QWZ9dPjc8o%3D%3A0"},

{"key": "吾爱学堂高考","name": " 💙吾爱学堂高考","type": 3,"api": "csp_Bili","searchable":0,"quickSearch": 0,"filterable": 1,"ext": "./lib/哔哩哔哩高考.json?sign=lD2DA8pGV9tw7DKYRqaQh9sy6aQnDcsR69ooAeCfpHc=:0","spider":"./pandaQ230823.jar?sign=K2U3FqRBh-kFNgDJFpxZjZYwxV6EeTlf4QWZ9dPjc8o%3D%3A0"},




{"key": "EXCEL","name": " 💜吾爱Excel","type": 3,"api": "csp_Bili","searchable": 0,"quickSearch": 0,"filterable": 1,"ext": "./lib/Excel教程.json?sign=3a_WkAa1xg59fzB5H2lsanfqcZuUjDsXGGMQZV7nTtw=:0","spider":"./pandaQ230823.jar?sign=K2U3FqRBh-kFNgDJFpxZjZYwxV6EeTlf4QWZ9dPjc8o%3D%3A0"},

{"key": "足球","name": " 💕吾爱足球","type": 3,"api": "csp_Bili","searchable": 0,"quickSearch": 0,"filterable": 1,"ext": "./lib/球星-哔哩0721.json?sign=VMaEC4RO2aBcskY1fgOuhEtfG88uQpiwN1DyjYZGPiE=:0","spider":"./pandaQ230823.jar?sign=K2U3FqRBh-kFNgDJFpxZjZYwxV6EeTlf4QWZ9dPjc8o%3D%3A0"},

{"key": "Bili","name": " 💞吾爱哔哩","type": 3,"api": "csp_Bili","searchable":0,"quickSearch": 0,"filterable": 1,"ext": "./lib/哔哩0723.json?sign=EPgtYYzwyHhOatiqgldi8BLu4sO8V85-FlmJl99KfcM=:0","spider":"./pandaQ230823.jar?sign=K2U3FqRBh-kFNgDJFpxZjZYwxV6EeTlf4QWZ9dPjc8o%3D%3A0"},

{"key": "戏曲自定义","name": " 💖吾爱戏曲","type": 3,"api": "csp_Bili","searchable": 0,"quickSearch": 0,"filterable": 1,"ext": "./lib/戏曲0723.json?sign=ngeZFFyT8EO0PacgodQnJmLlFv1K9VIKt6e9jP1TLpo=:0","spider":"./pandaQ230823.jar?sign=K2U3FqRBh-kFNgDJFpxZjZYwxV6EeTlf4QWZ9dPjc8o%3D%3A0"},


{"key":"Yisou","name":"🖥┃阿里┃易搜索","type":3,"api":"csp_YiSo","playerType":1,"searchable":1,"quickSearch":1,"filterable":1,"ext":"http://127.0.0.1:9978/file/tvbox/token.txt"},
{"key":"Zhaozy","name":"🖥┃阿里┃找资源","type":3,"api":"csp_Zhaozy","playerType":1,"searchable":1,"quickSearch":1,"filterable":1,"ext":"http://127.0.0.1:9978/file/tvbox/token.txt"},
{"key": "Zhaozy","name": "🖥┃找资源┃4K","type": 3,"api": "csp_Zhaozy","searchable": 1,"quickSearch": 1,"filterable": 0,"changeable": 0,"ext": "http://127.0.0.1:9978/file/tvbox/token.txt"},
{"key": "UpYun","name": "🖥┃Up搜┃4K","type": 3,"api": "csp_UpYun","searchable": 1,"quickSearch": 1,"filterable": 0,"changeable": 0,"ext": "http://127.0.0.1:9978/file/tvbox/token.txt"},
{"key": "PanSearch","name": "🖥┃飞龙┃4K","type": 3,"api": "csp_PanSearch","searchable": 1,"quickSearch": 1,"filterable": 0,"ext": "http://127.0.0.1:9978/file/tvbox/token.txt"},
{"key": "七夜","name": "🖥┃七夜┃4K","type": 3,"api": "csp_Dovx","searchable": 1,"quickSearch": 1,"filterable": 0,"changeable": 0,"ext": "http://127.0.0.1:9978/file/tvbox/token.txt"},

{"key":"csp_search_Yisou","name":"🐏┃易搜┃搜索","type":3,"api":"csp_YiSo","playerType":1,"searchable":1,"quickSearch":1,"filterable":0,"ext":"http://127.0.0.1:9978/file/tvbox/token.txt"},

{"key":"csp_search_Zhaozy","name":"🐑┃资源┃搜索","type":3,"api":"csp_Zhaozy","playerType":1,"searchable":1,"quickSearch" :1,"filterable":0,"ext":"http://127.0.0.1:9978/file/tvbox/token.txt"},
{"key":"csp_search_Upyunso","name":"🐐┃云搜┃搜索","type":3,"api":"csp_UpYun","playerType":1,"searchable":1,"quickSearch" :1,"filterable":0,"ext":"http://127.0.0.1:9978/file/tvbox/token.txt"},
{"key":"csp_search_Alips","name":"🦌┃盘搜┃搜索","type":3,"api":"csp_PanSou","playerType":1,"searchable":1,"quickSearch" :1,"filterable":0,"ext":"http://127.0.0.1:9978/file/tvbox/token.txt"},

{"key":"push_agent","name":"▶┃推送┃磁力","type":3,"api":"csp_Push","playerType":1,"searchable":0,"quickSearch":0,"filterable":0,"ext":"http://127.0.0.1:9978/file/tvbox/token.txt"},

{"key":"YiSo","name":"😹易搜┃4K","type":3,"api":"csp_YiSo","searchable":1,"quickSearch":1,"filterable":0,"changeable":0,"ext":"http://127.0.0.1:9978/file/tvbox/token.txt"},
{"key":"PanSou","name":"🦊盘搜┃4K","type":3,"api":"csp_PanSou","searchable":1,"quickSearch":1,"filterable":0,"changeable":0,"ext":"http://127.0.0.1:9978/file/tvbox/token.txt"},
{"key":"UpYun","name":"😻Up搜┃4K","type":3,"api":"csp_UpYun","searchable":1,"quickSearch":1,"filterable":0,"changeable":0,"ext":"http://127.0.0.1:9978/file/tvbox/token.txt"},
{"key":"push_agent","name":"🛴手机┃推送","type":3,"api":"csp_Push","searchable":0,"quickSearch":0,"filterable":0,"ext":"http://127.0.0.1:9978/file/tvbox/token.txt"},

{"key":"Dm84","name":" 🦸┃动漫┃巴士","type":3,"api":"csp_Dm84","searchable":1,"quickSearch":1,"filterable":1},


{"key": "csp_Anime1","name": "💀┃日本┃动漫","type": 3,"api": "csp_Anime1","searchable": 1,"quickSearch": 1,"filterable": 1},



{ 
 "key": "AList1", 
 "name": "🌈公众号：吾爱有三日月与卿（AList）", 
 "type": 3, 
 "api": "csp_AList", 
 "searchable": 1, 
 "filterable": 1, 
 "ext": "./lib/alist.json?sign=klTSIgCkIgmU3bBJ5aLesnbQ5dqyxNvWpfl7LMRLtn0=:0" ,
"jar": "./lib/alist用.jar?sign=MHcr0FKubL6YYin_nHxIyw31mqjiQahcfKHcFugToeU=:0;md5;5013870b5cce8147c2a877f4da966cf0 "
 },

{"key":"cc","name":"请勿相信视频中任何广告","type":3,"api":"csp_XPath","searchable": 0,"quickSearch": 0,"filterable": 0}


],




"parses": [{
		"name": "解析聚合",
		"type": 3,
		"url": "Demo"
	}, {
		"name": "Json并发",
		"type": 2,
		"url": "Parallel"
	}, {
		"name": "Json轮询",
		"type": 2,
		"url": "Sequence"
	}, 


 {
      "name": "但行好事",
      "type": 1,
      "url": "http://jx.fuqizhishi.com:63/接口地址www.肥猫.love/肥猫专用.php?url="
    },
    {
      "name": "莫问前程",
      "type": 1,
      "url": "http://27.124.4.42:4567/jhjson/ceshi.php?url="
    },
    {
      "name": "左岸解析",
      "type": 1,
      "url": "http://110.42.2.247:880/analysis/json/?uid=2449&my=acfgikquvzFGJRW459&url="
    },
    {
      "name": "小城解析",
      "type": 1,
      "url": "https://jx.ccabc.cc/xc/?key=5567332json&url="
    },
    {
      "name": "星辰云解析",
      "type": 1,
      "url": "https://json.key521.cn/api/?key=df27d9ca9ec97e22c47f8565a50aa6f5&url="
    },
    {
      "name": "小新解析",
      "type": 1,
      "url": "http://xiaoxin.1080p.me/home/api?type=ys&uid=2781037&key=eijkoqxBDFGILRTUWZ&url="
    },
    {
      "name": "小鱼解析",
      "type": 1,
      "url": "http://json.84jia.com/home/api?type=ys&uid=335253&key=fjklpqsyCDGMNQRWX8&url="
    },

{"name":"1号线","type":1,"url":"http://27.124.4.42:4567/jhjson/ceshi.php?url="},
	{"name":"2号线","type":0,"url":"https://jx.777jiexi.com/player/?url="},
	{"name":"3号线","type":0,"url":"https://jx.xmflv.com/?url="},
	{"name":"4号线","type":0,"url":"https://chaxun.truechat365.com/?url=","ext":{"flag":["qq","腾讯","qiyi","iqiyi","爱奇艺","奇艺","youku","优酷","mgtv","芒果","letv","乐视","pptv","PPTV","sohu","bilibili","哔哩哔哩","哔哩"]}},
	{"name":"5号线","type":0,"url":"https://jx.bozrc.com:4433/player/?url="},
	{"name":"6号线","type":0,"url":"https://parse.mw0.cc/?url="},
	{"name":"7号线","type":0,"url":"https://jx.parwix.com:4433/player/analysis.php?v=","ext":{"flag":["qq","腾讯","qiyi","iqiyi","爱奇艺","奇艺","youku","优酷","mgtv","芒果","letv","乐视","pptv","PPTV","sohu","bilibili","哔哩哔哩","哔哩"]}},
	{"name":"8号线","type":0,"url":"https://h5.freejson.xyz/player/?url="},
	{"name":"9号线","type":0,"url":"https://www.8090g.cn/?url="},
	{"name":"10号线","type":1,"url":"http://json.youguo520.top/fufeng/?url=","ext":{"flag":["qq","腾讯","qiyi","iqiyi","爱奇艺","奇艺","youku","优酷","mgtv","芒果","letv","乐视","pptv","PPTV","sohu","bilibili","哔哩哔哩","哔哩"],"header":{"User-Agent":"Dart/2.14[dart:io]"}}},
	{"name":"11号线","type":1,"url":"https://jx.4kdv.com/?url=","ext":{"flag":["qq","腾讯","qiyi","iqiyi","爱奇艺","奇艺","youku","优酷","mgtv","芒果","letv","乐视","pptv","PPTV","sohu","bilibili","哔哩哔哩","哔哩"]}},
	{"name":"12号线","type":0,"url":"https://jx.m3u8.tv/jiexi/?url=","ext":{"flag":["qq","腾讯","qiyi","iqiyi","爱奇艺","奇艺","youku","优酷","mgtv","芒果","letv","乐视","pptv","PPTV","sohu","bilibili","哔哩哔哩","哔哩"]}},
	{"name":"13号线","type":0,"url":"https://www.ckmov.com/?url=","ext":{"flag":["qq","腾讯","qiyi","iqiyi","爱奇艺","奇艺","youku","优酷","mgtv","芒果","letv","乐视","pptv","PPTV","sohu","bilibili","哔哩哔哩","哔哩"]}},
	{"name":"14号线","type":1,"url":"https://api.jiexi.la/?url=","ext":{"flag":["qq","腾讯","qiyi","iqiyi","爱奇艺","奇艺","youku","优酷","mgtv","芒果","letv","乐视","pptv","PPTV","sohu","bilibili","哔哩哔哩","哔哩"]}},
	{"name":"15号线","type":0,"url":"https://www.nxflv.com/?url="},
	{"name":"16号线","type":0,"url":"https://jx.jsonplayer.com/player/?url="},
	{"name":"17号线","type":0,"url":"https://www.yemu.xyz/?url=","ext":{"flag":["qq","腾讯","qiyi","iqiyi","爱奇艺","奇艺","youku","优酷","mgtv","芒果","letv","乐视","pptv","PPTV","sohu","bilibili","哔哩哔哩","哔哩"]}},
	{"name":"18号线","type":1,"url":"https://www.itvbox.cc/bhc.php?url=","ext":{"flag":["qq","腾讯","企鹅","IQiYi","qiyi","爱奇艺","奇艺","youku","YouKu","优酷","sohu","SoHu","搜狐","letv","LeShi","乐视","imgo","mgtv","MangGuo","芒果","SLYS4k","BYGA","luanzi","AliS","dxzy","bilibili","QEYSS","xigua","西瓜视频","腾讯视频","奇艺视频","优酷视频","芒果视频","乐视视频"]}},
	{"name":"19号线","type":0,"url":"https://jx.zhanlangbu.com/?url=","ext":{"header":{"User-Agent":"okhttp/4.1.0"},"flag":["qq","腾讯","qiyi","爱奇艺","奇艺","youku","优酷","mgtv","芒果","letv","乐视","pptv","PPTV","sohu","bilibili","哔哩哔哩","哔哩"]}},
	{"name":"20号线","type":1,"url":"http://lanlan.ckflv.cn/?url=","ext":{"flag":["qiyi","qq","letv","sohu","youku","mgtv","bilibili","wasu","xigua","1905"]}},
	{"name":"21号线","type":0,"url":"https://okjx.cc/?url="},
	{"name":"22号线","type":0,"url":"http://jx.ivito.cn/?url="},
	{"name":"23号线","type":0,"url":"https://dm.xbqgx.com/?url="},
	{"name":"24号线","type":0,"url":"https://vip.bljiex.com/?v="},
	{"name":"25号线","type":0,"url":"http://api.wpsseo.cn/?v="},

{"name" : "13","type":0,"url":"http://www.miaoys.cc/vip/?url="},
{
            "name": "14",
            "type": 1,
            "url": "http://xn--wnup5g.xn--z7x900a.love:63/Art/analysis.php?v=",
            "ext": {
                "flag": [
                    "qq",
                    "腾讯",
                    "企鹅",
                    "IQiYi",
                    "qiyi",
                    "爱奇艺",
                    "奇艺",
                    "youku",
                    "YouKu",
                    "优酷",
                    "sohu",
                    "SoHu",
                    "搜狐",
                    "letv",
                    "LeShi",
                    "乐视",
                    "imgo",
                    "mgtv",
                    "MangGuo",
                    "芒果",
                    "SLYS4k",
                    "BYGA",
                    "luanzi",
                    "AliS",
                    "dxzy",
                    "bilibili",
                    "QEYSS",
                    "xigua",
                    "西瓜视频",
                    "腾讯视频",
                    "奇艺视频",
                    "优酷视频",
                    "芒果视频",
                    "乐视视频"
                    
                ]
            }
        },
        
{
            "name": "12",
            "type": 1,
            "url": "https://jx.ccabc.cc/byg/?url=",
            "ext": {
                "flag": [
                    "qq",
                    "腾讯",
                    "企鹅",
                    "IQiYi",
                    "qiyi",
                    "爱奇艺",
                    "奇艺",
                    "youku",
                    "YouKu",
                    "优酷",
                    "sohu",
                    "SoHu",
                    "搜狐",
                    "letv",
                    "LeShi",
                    "乐视",
                    "imgo",
                    "mgtv",
                    "MangGuo",
                    "芒果",
                    "SLYS4k",
                    "BYGA",
                    "luanzi",
                    "AliS",
                    "dxzy",
                    "bilibili",
                    "QEYSS",
                    "xigua",
                    "西瓜视频",
                    "腾讯视频",
                    "奇艺视频",
                    "优酷视频",
                    "芒果视频",
                    "乐视视频"
                    
                ]
            }
        },



        {
            "name": "走过",
            "type": 1,
            "url": "http://jx.fuqizhishi.com:63/API.php?appkey=feimao&url=",
            "ext": {
                "flag": [
                    "qq",
                    "腾讯",
                    "企鹅",
                    "IQiYi",
                    "qiyi",
                    "爱奇艺",
                    "奇艺",
                    "youku",
                    "YouKu",
                    "优酷",
                    "sohu",
                    "SoHu",
                    "搜狐",
                    "letv",
                    "LeShi",
                    "乐视",
                    "imgo",
                    "mgtv",
                    "MangGuo",
                    "芒果",
                    "SLYS4k",
                    "BYGA",
                    "luanzi",
                    "AliS",
                    "dxzy",
                    "bilibili",
                    "QEYSS",
                    "xigua",
                    "西瓜视频",
                    "腾讯视频",
                    "奇艺视频",
                    "优酷视频",
                    "芒果视频",
                    "乐视视频"
                    
                ]
            }
        },



{
      "name": "parwix稳定",
      "type": 0,
      "url": "https://jx.bozrc.com:4433/player/?url=",
      "ext": {
        "flag": [
          "qq",
          "腾讯",
          "qiyi",
          "iqiyi",
          "爱奇艺",
          "奇艺",
          "youku",
          "优酷",
          "mgtv",
          "芒果",
          "letv",
          "乐视",
          "pptv",
          "PPTV",
          "sohu",
          "bilibili",
          "哔哩哔哩",
          "哔哩"
        ]
      }
    },
    
    
{"name":"解析5","type":1,"url":"https://www.1920lgzy.top/json.php?url=","ext":{"header":{"User-Agent":"Mozilla/5.0"}}},

{"name":"ckflv","type":1,"url":"http://api.ckflv.cn/?url=","ext":{"flag":["qq","腾讯","qiyi","爱奇艺","奇艺","youku","优酷","sohu","搜狐","letv","乐视","mgtv","芒果","CL4K","renrenmi","ltnb","bilibili","1905","xigua"]}},

{"name":"tkys","type":1,"url":"https://rx.bt5v.com/json/jsonindex.php/?url=","ext":{"flag":["qq","腾讯","qiyi","爱奇艺","奇艺","youku","优酷","sohu","搜狐","letv","乐视","mgtv","芒果","rx","ltnb","bilibili","1905","xigua"]}},{"name":"xifanys","type":1,"url":"http://www.pandown.pro/app/tkys/tkysjx.php?url=","ext":{"flag":["qq","腾讯","qiyi","爱奇艺","奇艺","youku","优酷","sohu","搜狐","letv","乐视","mgtv","芒果","rx","ltnb","bilibili","1905","xigua"]}},

{"name":"吾爱","type":1,"url":"https://jx.255jx.tk/api/jsonindex.php/?key=B4zqRMcVD5FaFdffPa&url=","ext":{"header":{"User-Agent":"Mozilla/5.0"}}},


 {"name":"rx2","type":1,"url":"http://rxjx.kuanjv.com/allm3u8.php?url="}],


  "flags": ["youku","qq","iqiyi","qiyi","letv","sohu","tudou","pptv","mgtv","wasu","bilibili","csm3u8"],

 "rules":[
        {
        "host":"www.iesdouyin.com",
        "rule":["playwm/?video_id="]
        },
        {
        "host":"v.douyin.com",
        "rule":["playwm/?video_id="]
        }
    ],

  "ijk": [
   {"group":"软解码","options":[{"category":4,"name":"opensles","value":"0"},{"category":4,"name":"overlay-format","value":"842225234"},{"category":4,"name":"framedrop","value":"1"},{"category":4,"name":"soundtouch","value":"1"},{"category":4,"name":"start-on-prepared","value":"1"},{"category":1,"name":"http-detect-rangeupport","value":"0"},{"category":1,"name":"fflags","value":"fastseek"},{"category":2,"name":"skip_loop_filter","value":"48"},{"category":4,"name":"reconnect","value":"1"},{"category":4,"name":"enable-accurateeek","value":"0"},{"category":4,"name":"mediacodec","value":"0"},{"category":4,"name":"mediacodec-auto-rotate","value":"0"},{"category":4,"name":"mediacodec-handle-resolution-change","value":"0"},{"category":4,"name":"mediacodec-hevc","value":"0"},{"category":1,"name":"dns_cache_timeout","value":"600000000"}]},

   {"group":"硬解码","options":[{"category":4,"name":"opensles","value":"0"},{"category":4,"name":"overlay-format","value":"842225234"},{"category":4,"name":"framedrop","value":"1"},{"category":4,"name":"soundtouch","value":"1"},{"category":4,"name":"start-on-prepared","value":"1"},{"category":1,"name":"http-detect-rangeupport","value":"0"},{"category":1,"name":"fflags","value":"fastseek"},{"category":2,"name":"skip_loop_filter","value":"48"},{"category":4,"name":"reconnect","value":"1"},{"category":4,"name":"enable-accurateeek","value":"0"},{"category":4,"name":"mediacodec","value":"1"},{"category":4,"name":"mediacodec-auto-rotate","value":"1"},{"category":4,"name":"mediacodec-handle-resolution-change","value":"1"},{"category":4,"name":"mediacodec-hevc","value":"1"},{"category":1,"name":"dns_cache_timeout","value":"600000000"}]}],

  "ads": ["mimg.0c1q0l.cn","www.googletagmanager.com","www.google-analytics.com","mc.usihnbcq.cn","mg.g1mm3d.cn","mscs.svaeuzh.cn","cnzz.hhttm.top","tp.vinuxhome.com","cnzz.mmstat.com","www.baihuillq.com","s23.cnzz.com","z3.cnzz.com","c.cnzz.com","stj.v1vo.top","z12.cnzz.com","img.mosflower.cn","tips.gamevvip.com","ehwe.yhdtns.com","xdn.cqqc3.com","www.jixunkyy.cn","sp.chemacid.cn","hm.baidu.com","s9.cnzz.com","z6.cnzz.com","um.cavuc.com","mav.mavuz.com","wofwk.aoidf3.com","z5.cnzz.com","xc.hubeijieshikj.cn","tj.tianwenhu.com","xg.gars57.cn","k.jinxiuzhilv.com","cdn.bootcss.com","ppl.xunzhuo123.com","xomk.jiangjunmh.top","img.xunzhuo123.com","z1.cnzz.com","s13.cnzz.com","xg.huataisangao.cn","z7.cnzz.com","xg.huataisangao.cn","z2.cnzz.com","s96.cnzz.com","q11.cnzz.com","thy.dacedsfa.cn","xg.whsbpw.cn","s19.cnzz.com","z8.cnzz.com","s4.cnzz.com","f5w.as12df.top","ae01.alicdn.com","www.92424.cn","k.wudejia.com","vivovip.mmszxc.top", "mimg.0c1q0l.cn",
        "www.googletagmanager.com",
        "www.google-analytics.com",
        "mc.usihnbcq.cn",
        "mg.g1mm3d.cn",
        "mscs.svaeuzh.cn",
        "cnzz.hhttm.top",
        "tp.vinuxhome.com",
        "cnzz.mmstat.com",
        "www.baihuillq.com",
        "s23.cnzz.com",
        "z3.cnzz.com",
        "c.cnzz.com",
        "stj.v1vo.top",
        "z12.cnzz.com",
        "img.mosflower.cn",
        "tips.gamevvip.com",
        "ehwe.yhdtns.com",
        "xdn.cqqc3.com",
        "www.jixunkyy.cn",
        "sp.chemacid.cn",
        "hm.baidu.com",
        "s9.cnzz.com",
        "z6.cnzz.com",
        "um.cavuc.com",
        "mav.mavuz.com",
        "wofwk.aoidf3.com",
        "z5.cnzz.com",
        "xc.hubeijieshikj.cn",
        "tj.tianwenhu.com",
        "xg.gars57.cn",
        "k.jinxiuzhilv.com",
        "cdn.bootcss.com",
        "ppl.xunzhuo123.com",
        "xomk.jiangjunmh.top",
        "img.xunzhuo123.com",
        "z1.cnzz.com",
        "s13.cnzz.com",
        "xg.huataisangao.cn",
        "z7.cnzz.com",
        "xg.huataisangao.cn",
        "z2.cnzz.com",
        "s96.cnzz.com",
        "q11.cnzz.com",
        "thy.dacedsfa.cn",
        "xg.whsbpw.cn",
        "s19.cnzz.com",
        "z8.cnzz.com",
        "s4.cnzz.com",
        "f5w.as12df.top",
        "ae01.alicdn.com",
        "www.92424.cn",
        "k.wudejia.com",
        "vivovip.mmszxc.top",
        "qiu.xixiqiu.com",
        "cdnjs.hnfenxun.com","qiu.xixiqiu.com","cdnjs.hnfenxun.com","cms.qdwght.com"],




"wallpaper":"http://52bsj.vip:82/late",

"warningText":"8/14公众号恢复正常
接口完全免费，切勿付费购买——公众号 吾爱有三日月与卿 "


}
