{
  "name": "ET足球网",
  "url": "http://www.etzuqiu.com/",
  "User": "空",
  "shouye": "1",

  "fenlei": "足球直播$/zuqiuzhibo/#足球录像$/zuqiuluxiang/#韩剧$/show/Tv/area/韩国/page/#港剧$/show/Tv/area/香港/page/#台剧$/show/Tv/area/台湾/page/#日剧$/show/Tv/area/日本/page/#美剧$/show/Tv/area/美国/page/#泰剧$/show/Tv/area/泰国/page/#英剧$/show/Tv/area/英国/page/#大陆动漫$/show/Cartoon/area/大陆/page/#日本动漫$/show/Cartoon/area/日本/page/#欧美动漫$/show/Cartoon/area/欧美/page/#综艺$/show/Variety/page/",
  "houzhui": ".html",

  "shifouercijiequ": "1",
  "jiequqian": "module-page",
  "jiequhou": "class=\"fixedGroup",
  "jiequshuzuqian": "<a",
  "jiequshuzuhou": "referrerpolicy",
  "tupianqian": "data-original=\"",
  "tupianhou": "\"",
  "biaotiqian": "alt=\"",
  "biaotihou": "\"",
  "lianjieqian": "href=\"",
  "lianjiehou": "\"",

  //新版Biubiu参数：副标题 (不需要的话，就不填写或者删除副标题2个字段也可以。)
  "fubiaotiqian": "item-note\">",
  "fubiaotihou": "</div>",

  "sousuoqian": "/index.php/ajax/suggest?mid=1&wd=",
  "sousuohou": "&limit=500",
  "sousuohouzhui": "/detail/",
  "ssmoshi": "0",
  "sousuoshifouercijiequ": "0",
  "jspic": "pic",
  "jsname": "name",
  "jsid": "id",
  "ssjiequqian": "空",
  "ssjiequhou": "空",
  "ssjiequshuzuqian": "空",
  "ssjiequshuzuhou": "空",
  "sstupianqian": "空",
  "sstupianhou": "空",
  "ssbiaotiqian": "空",
  "ssbiaotihou": "空",
  "sslianjieqian": "空",
  "sslianjiehou": "空",

  "bfshifouercijiequ": "0",
  "bfjiequqian": "空",
  "bfjiequhou": "空",
  "bfjiequshuzuqian": "class=\"module-list",
  "bfjiequshuzuhou": "</div>",

  "zhuangtaiqian": "更新：</span>",
  "zhuangtaihou": "</div>",
  "daoyanqian": "导演：</span>",
  "daoyanhou": "</div>",
  "zhuyanqian": "主演：</span>",
  "zhuyanhou": "</div>",
  "juqingqian": "class=\"module-info-introduction-content\"",
  "juqinghou": "</div>",

  "bfyshifouercijiequ": "0",
  "bfyjiequqian": "空",
  "bfyjiequhou": "空",
  "bfyjiequshuzuqian": "<a",
  "bfyjiequshuzuhou": "/a>",
  "bfbiaotiqian": "<span>",
  "bfbiaotihou": "</span>",
  "bflianjieqian": "href=\"",
  "bflianjiehou": "\""
}