{
  "name": "看一看影视",
  "url": "https://www.kyikan.co/",
  "shouye": "1",
  "fenlei": "连续剧$/index.php?m=vod-list-id-2-pg-#电影$/index.php?m=vod-list-id-1-pg-#动漫$/index.php?m=vod-list-id-4-pg-#综艺$/index.php?m=vod-list-id-3-pg-#国产剧$/index.php?m=vod-list-id-12-pg-#港台剧$/index.php?m=vod-list-id-13-pg-#日韩剧$/index.php?m=vod-list-id-14-pg-#欧美剧$/index.php?m=vod-list-id-15-pg-#泰剧剧$/index.php?m=vod-list-id-19-pg-#动作片$/index.php?m=vod-list-id-5-pg-#喜剧片$/index.php?m=vod-list-id-6-pg-#爱情片$/index.php?m=vod-list-id-7-pg-#科幻片$/index.php?m=vod-list-id-8-pg-#恐怖片$/index.php?m=vod-list-id-9-pg-#剧情片$/index.php?m=vod-list-id-10-pg-#战争片$/index.php?m=vod-list-id-11-pg-#纪录片$/index.php?m=vod-list-id-16-pg-#微电影$/index.php?m=vod-list-id-18-pg-#惊悚片$/index.php?m=vod-list-id-20-pg-#悬疑片$/index.php?m=vod-list-id-21-pg-",
  "houzhui": "-order--by--class-0-year-0-letter--area--lang-.html",
  "shifouercijiequ": "0",
  "jiequqian": "空",
  "jiequhou": "空",
  "jiequshuzuqian": "<a class=\"link-hover\"",
  "jiequshuzuhou": "src=",
  "tupianqian": "data-original=\"",
  "tupianhou": "\"",
  "biaotiqian": "title=\"",
  "biaotihou": "\"",
  "lianjieqian": "href=\"",
  "lianjiehou": "\"",
  "sousuoqian": "/index.php?m=vod-search-pg-1-wd-",
  "sousuohou": ".html&limit=500",
  "sousuohouzhui": "/vodhtml/",
  "ssmoshi": "1",
  "sousuoshifouercijiequ": "0",
  "jspic": "pic",
  "jsname": "name",
  "jsid": "id",
  "ssjiequqian": "空",
  "ssjiequhou": "空",
  "ssjiequshuzuqian": "<a class=\"link-hover\"",
  "ssjiequshuzuhou": "src=",
  "sstupianqian": "data-original=\"",
  "sstupianhou": "\"",
  "ssbiaotiqian": "title=\"",
  "ssbiaotihou": "\"",
  "sslianjieqian": "href=\"",
  "sslianjiehou": "\"",
  "bfshifouercijiequ": "0",
  "bfjiequqian": "空",
  "bfjiequhou": "空",
  "bfjiequshuzuqian": "class=\"videourl clearfix\">",
  "bfjiequshuzuhou": "</ul>",
  "zhuangtaiqian": "class=\"bz\">",
  "zhuangtaihou": "</span>",
  "daoyanqian": "导演:</span>",
  "daoyanhou": "</dt>",
  "zhuyanqian": "主演:</span>",
  "zhuyanhou": "</dt>",
  "juqingqian": "&nbsp;&nbsp;&nbsp;&nbsp;&nbsp;&nbsp;",
  "juqinghou": "</div>",
  "bfyshifouercijiequ": "0",
  "bfyjiequqian": "空",
  "bfyjiequhou": "空",
  "bfyjiequshuzuqian": "<a",
  "bfyjiequshuzuhou": "/a>",
  "bfbiaotiqian": ">",
  "bfbiaotihou": "<",
  "bflianjieqian": "href='",
  "bflianjiehou": "'"
}
