{
  "author": "20200609",
  "name": "干饭影视",
  "url": "http://gfysys.cc/", //填网站链接 
  "tihuan": "cnzz.com", //这个不用动，是个别网站嗅探时过滤地址用的
  "User": "空", //这个不用动，是个别网站播放需要请求头时才用到
  "shouye": "1",

  "fenlei": "国产剧$/vodshow/2-内地-------#韩国剧$/vodshow/2-韩国-------#香港剧$/vodshow/2-香港-------#台湾剧$/vodshow/2-台湾-------#日本剧$/vodshow/2-日本-------#美国剧$/vodshow/2-美国-------#泰国剧$/vodshow/2-泰国-------#英国剧$/vodshow/2-英国-------#国产动漫$/vodshow/4-内地-------#日本动漫$/vodshow/4-日本-------#美国动漫$/vodshow/4-美国-------#韩国动漫$/vodshow/4-韩国-------#综艺$/vodshow/3--------#喜剧片$/vodshow/1---喜剧-----#爱情片$/vodshow/1---爱情-----#恐怖片$/vodshow/1---恐怖-----#动作片$/vodshow/1---动作-----#科幻片$/vodshow/1---科幻-----#剧情片$/vodshow/1---剧情-----#战争片$/vodshow/1---战争-----#犯罪片$/vodshow/1---犯罪-----#奇幻片$/vodshow/1---奇幻-----#武侠片$/vodshow/1---武侠-----#冒险片$/vodshow/1---冒险-----#悬疑片$/vodshow/1---悬疑-----#惊悚片$/vodshow/1---惊悚-----#古装片$/vodshow/1---古装-----",
  "houzhui": "---.html", //网站翻页链接的后缀

  "shifouercijiequ": "0", //截取的列表数组是否需要二次截取，0不需要，1需要
  "jiequqian": "空", //不需要二次截取就填空
  "jiequhou": "空", //不需要二次截取就填空
  "jiequshuzuqian": "class=\"stui-vodlist__thumb", //截取的列表数组的前关键词,截取的关键词有 " 的用 \ 进行转义
  "jiequshuzuhou": "</a>", //截取的列表数组的后关键词,截取的关键词有 " 的用 \ 进行转义
  "tupianqian": "data-original=\"", //列表中资源的图片前关键词,截取的关键词有 " 的用 \ 进行转义
  "tupianhou": "\"", //列表中资源的图片后关键词,截取的关键词有 " 的用 \ 进行转义
  "biaotiqian": "title=\"", //列表中资源的标题前关键词,截取的关键词有 " 的用 \ 进行转义
  "biaotihou": "\"", //列表中资源的标题后关键词,截取的关键词有 " 的用 \ 进行转义
  "lianjieqian": "href=\"", //列表中资源的详情页跳转链接前关键词,截取的关键词有 " 的用 \ 进行转义
  "lianjiehou": "\"", //列表中资源的详情页跳转链接后关键词,截取的关键词有 " 的用 \ 进行转义

  //搜索部分基本不用动，现在网站基本都是苹果CMS，所有搜索是固定的。
  "sousuoqian": "/index.php/ajax/suggest?mid=1&wd=",
  "sousuohou": "&limit=500",
  "sousuohouzhui": "/voddetail/", //搜索页影片跳转详情页的中间标识链接部分
  "ssmoshi": "0",
  "sousuoshifouercijiequ": "0",
  "jspic": "pic",
  "jsname": "name",
  "jsid": "id",
  "ssjiequqian": "空",
  "ssjiequhou": "空",
  "ssjiequshuzuqian": "空",
  "ssjiequshuzuhou": "空",
  "sstupianqian": "空",
  "sstupianhou": "空",
  "ssbiaotiqian": "空",
  "ssbiaotihou": "空",
  "sslianjieqian": "空",
  "sslianjiehou": "空",

  "bfshifouercijiequ": "0",
  "bfjiequqian": "空",
  "bfjiequhou": "空",
  "bfjiequshuzuqian": "id=\"playlist", //播放截取的列表数组的前关键词
  "bfjiequshuzuhou": "</ul>", //播放截取的列表数组的后关键词

  "zhuangtaiqian": "red;\">", //状态前关键词
  "zhuangtaihou": "</span>", //状态后关键词
  "daoyanqian": "data\">导演：", //导演前关键词
  "daoyanhou": "</p>", //导演态后关键词
  "zhuyanqian": "data\">主演：", //主演前关键词
  "zhuyanhou": "</p>", //主演后关键词
  "juqingqian": "sketch\">", //剧情前关键词
  "juqinghou": "</span>", //剧情后关键词

  "bfyshifouercijiequ": "0", //截取的播放列表数组是否需要二次截取，0不需要，1需要
  "bfyjiequqian": "空", //不需要二次截取就填空
  "bfyjiequhou": "空", //不需要二次截取就填空
  "bfyjiequshuzuqian": "<a", //播放剧集数组前关键词
  "bfyjiequshuzuhou": "/a>", //播放剧集数组后关键词
  "bfbiaotiqian": ">", //播放剧集标题前关键词
  "bfbiaotihou": "<", //状播放剧集标题后关键词
  "bflianjieqian": "href=\"", //播放剧集链接前关键词
  "bflianjiehou": "\""
} //播放剧集链接后关键词
