{"name": "饭团TVA",
"url": "https://www.fantuantva.com",
"tihuan": "cnzz.com",
"User": "User-Agent:Dart/2.14 (dart:io)",
"fenlei": "动作片$/t/dongzuopian-#喜剧片$/t/xijupian-#爱情片$/t/aiqingpian-#科幻片$/t/kehuanpian-#动作片$/t/kongbupian-#剧情片$/t/juqingpian-#战争片$/t/zhanzhengpian-#国产剧$/t/guochanju-#港台剧$/t/gangtaiju-#日韩剧$/t/rihanju-#欧美剧$/t/oumeiju-#其他剧$/t/qitaju-#综艺$/t/zongyi-#动漫$/t/dongman-",
"houzhui": ".html",
"shifouercijiequ": "0",
"jiequqian": "空",
"jiequhou": "空",
"jiequshuzuqian": "class=\"show_play\"",
"jiequshuzuhou": "</li>",
"tupianqian": "original=\"",
"tupianhou": "\"",
"biaotiqian": "title=\"",
"biaotihou": "\"",
"lianjieqian": "href=\"",
"lianjiehou": "\"",
"sousuoqian": "/index.php/ajax/suggest?mid=1&wd=",
"sousuohou": "&limit=50",
"sousuohouzhui": "/p/",
"ssmoshi": "0",
"sousuoshifouercijiequ": "0",
"jspic": "pic",
"jsname": "name",
"jsid": "id",
"ssjiequqian": "空",
"ssjiequhou": "空",
"ssjiequshuzuqian": "空",
"ssjiequshuzuhou": "空",
"sstupianqian": "空",
"sstupianhou": "空",
"ssbiaotiqian": "空",
"ssbiaotihou": "空",
"sslianjieqian": "空",
"sslianjiehou": "空",
"bfshifouercijiequ": "0",
"bfjiequqian": "空",
"bfjiequhou": "空",
"bfjiequshuzuqian": "class=\"con_c2_list\"",
"bfjiequshuzuhou": "</ul>",
"zhuangtaiqian": "状态：<span>",
"zhuangtaihou": "</font>",
"daoyanqian": "导演：<span>",
"daoyanhou": "</span>",
"zhuyanqian": "主演：<span>",
"zhuyanhou": "</p>",
"juqingqian": "详情</a>",
"juqinghou": "</span>",
"bfyshifouercijiequ": "0",
"bfyjiequqian": "空",
"bfyjiequhou": "空",
"bfyjiequshuzuqian": "<a",
"bfyjiequshuzuhou": "/a>",
"bfbiaotiqian": ">",
"bfbiaotihou": "<",
"bflianjieqian": "href=\"",
"bflianjiehou": "\""},