{
  "spider": "./2.jar;md5;0d46d7d1c01cd19b374a3280c8864596",
  "wallpaper": "https://tool.weetai.cn/api",
  "lives": [
    {
      "name": "live",
      "url": "./lib/xclive.txt",
      "type": 0,
      "playerType": 1,
      "ua": "okhttp/3.12.13",
      "epg": "http://epg.112114.xyz/?ch={name}&date={date}",
      "logo": "https://epg.112114.xyz/logo/{name}.png"
    }
  ],
  "warningText": "玉玉软件：接口免费，每次打开记得长按主页刷新",
  "sites": [
    {
      "key": "dr_豆瓣",
      "name": "🆙「公众号（玉玉软件）」ㅤ官网:yyrj.xyz",
      "type": 3,
      "api": "./lib/drpy2.min.js",
      "searchable": 2,
      "quickSearch": 0,
      "filterable": 0,
      "ext": "./lib/douban.js"
    },
    {
      "key": "YGP",
      "name": "🆙预告片",
      "type": 3,
      "api": "csp_YGP",
      "jar": " https://files.zohopublic.com.cn/public/workdrive-public/download/uyv0t678c488189af47bb91dc108484d17431;md5;533f279c487b5bd34cf4947a7afbee34",
      "searchable": 0,
      "quickSearch": 0,
      "changeable": 0
    },
    {
      "key": "宅腐APP",
      "name": "宅腐┃APP",
      "type": 3,
      "api": "csp_AppYsV2",
      "searchable": 1,
      "quickSearch": 1,
      "filterable": 1,
      "ext": "http://app.zhaifutvapp.com/ruifenglb_api.php/v1.vod"
    },
    {
      "key": "js_v2-yj",
      "name": "🦄玉米",
      "type": 3,
      "api": "./lib/drpy2.min.js",
      "ext": "./lib/遇见.js"
    },
    {
      "key": "csp_YQKan_一起看",
      "name": "🦄一起",
      "type": 3,
      "api": "csp_YQKan",
      "searchable": 1,
      "quickSearch": 1,
      "filterable": 1,
      "jar": "./lib/xc.jar"
    },
    {
      "key": "蚂蚁",
      "name": "🐜蚂蚁",
      "type": 3,
      "api": "csp_Mayiys",
      "jar": " https://files.zohopublic.com.cn/public/workdrive-public/download/uyv0t678c488189af47bb91dc108484d17431;md5;533f279c487b5bd34cf4947a7afbee34",
      "searchable": 1,
      "quickSearch": 1,
      "filterable": 0,
      "ext": "http://rzys.xyz"
    },
    {
      "key": "Xinsj",
      "name": "👓视觉",
      "type": 3,
      "api": "csp_Xinsj",
      "jar": " https://files.zohopublic.com.cn/public/workdrive-public/download/uyv0t678c488189af47bb91dc108484d17431;md5;533f279c487b5bd34cf4947a7afbee34",
      "searchable": 1,
      "quickSearch": 1,
      "changeable": 1,
      "ext": "https://www.6080yy3.com/"
    },
    {
      "key": "畅梦",
      "name": "🦄畅梦",
      "type": 3,
      "api": "./lib/drpy2.min.js",
      "ext": "./lib/changmeng.js"
    },
    {
      "key": "快帆",
      "name": "🦄快帆",
      "type": 1,
      "api": "https://api.kuaifan.tv/api.php/provide/vod",
      "categories": [
        "国产剧",
        "香港剧",
        "台湾剧",
        "韩国剧",
        "日本剧",
        "欧美剧",
        "动作片",
        "动画片",
        "短片",
        "喜剧片",
        "爱情片",
        "科幻片",
        "古装片",
        "历史片",
        "大陆综艺",
        "港台综艺",
        "日韩综艺",
        "国产动漫",
        "欧美动漫",
        "日本动漫"
      ]
    },
    {
      "key": "XiaoYa",
      "name": "🍰小雅",
      "api": "csp_XiaoYa",
      "type": 3,
      "searchable": 1,
      "filterable": 1,
      "quickSearch": 1,
      "changeable": 0,
      "ext": "eyJhcGlLZXkiOiI5YzY4ZDE0Zi1mNGFkLTQxMWItOWJlNi04NTM1NmMyMjc5YzYiLCJhcGkiOiJodHRwOi8vMjcuMTQuMTIuMjM0OjQ1NjcifQ==",
      "jar": "./lib/spring.jar"
    },
    {
      "key": "嘉靓",
      "name": "🙆嘉靓",
      "type": 3,
      "api": "csp_AppYsV2",
      "searchable": 1,
      "quickSearch": 1,
      "filterable": 1,
      "ext": "http://cms.jialiangos.com/api.php/app/"
    },
    {
      "key": "apv2_梦梦",
      "name": "🦄梦梦",
      "type": 3,
      "playerType": 2,
      "api": "csp_AppYsV2",
      "playUrl": "json:https://jiexi.xn--654a.cc/home/api?type=ys&uid=10456764&key=bgiuvEGIMQRSTWX689&url=",
      "ext": "http://iosa.xn--654a.cc/api.php/app/"
    },
    {
      "key": "zyys",
      "name": "🦄备用",
      "type": 1,
      "api": "https://ys.md214.cn/api.php/provide/vod/",
      "searchable": 1,
      "quickSearch": 1,
      "filterable": 1,
      "playUrl": "json:http://27.124.4.42:4567/jhjson/ceshi.php?url=",
      "categories": [
        "电影",
        "连续剧",
        "动漫",
        "综艺"
      ]
    },
    {
      "key": "影院",
      "name": "🦄备用3",
      "type": 3,
      "playerType": 2,
      "api": "csp_AppYsV2",
      "searchable": 1,
      "quickSearch": 1,
      "filterable": 1,
      "ext": "https://www.gsjtlxy.top/xgapp.php/v3/"
    },
    {
      "key": "XYQH_农民",
      "name": "🦄农民",
      "type": 3,
      "api": "csp_XYQHiker",
      "searchable": 1,
      "quickSearch": 1,
      "filterable": 1,
      "ext": "./lib/农民影视.json"
    },
    {
      "key": "XC",
      "name": "🌠星辰",
      "type": 3,
      "api": "csp_AppYsV2",
      "searchable": 1,
      "quickSearch": 1,
      "filterable": 1,
      "ext": "http://ttsp.live/api.php/app/"
    },
    {
      "key": "app_轻简",
      "name": "🚈轻简",
      "type": 1,
      "api": "http://1.ahailove.cn:23456/cj/api.php/provide/vod/",
      "categories": [
        "电影",
        "电视剧",
        "综艺",
        "动漫"
      ]
    },
    {
      "key": "厂长",
      "name": "🤵厂长",
      "type": 3,
      "playerType": 2,
      "api": "./lib/drpy2.min.js",
      "ext": "./lib/厂长.js"
    },
    {
      "key": "drpy_蘑菇",
      "name": "🍄蘑菇",
      "type": 3,
      "searchable": 1,
      "changeable": 1,
      "playerType": 2,
      "api": "./lib/drpy2.min.js",
      "ext": "./lib/蘑菇.js"
    },
    {
      "key": "drpy_骚火电影",
      "name": "🔥骚火",
      "type": 3,
      "searchable": 1,
      "changeable": 1,
      "playerType": 1,
      "api": "./lib/drpy2.min.js",
      "ext": "./lib/骚火.js"
    },
    {
      "key": "XYQH_在线之家",
      "name": "🏜在线之家",
      "type": 3,
      "api": "csp_XYQHiker",
      "searchable": 1,
      "changeable": 1,
      "ext": "./lib/在线之家.json"
    },
    {
      "key": "csp_秋秋",
      "name": "🐧腾讯",
      "type": 1,
      "playerType": 2,
      "api": "http://tvbox-1-g5221611.deta.app/vod/qq",
      "playUrl": "json:http://221.229.173.30:8808/jhjson/daoyongsiquanjia.php?url=",
      "categories": [
        "电影",
        "电视剧",
        "动漫",
        "综艺"
      ]
    },
    {
      "key": "csp_艺艺",
      "name": "💜奇艺",
      "type": 1,
      "playerType": 2,
      "api": "http://tvbox-1-g5221611.deta.app/vod/iqiyi",
      "playUrl": " json:http://110.42.2.247:880/analysis/json/?uid=2449&my=acfgikquvzFGJRW459&format=data&url=",
      "categories": [
        "电影",
        "电视剧",
        "动漫",
        "综艺"
      ]
    },
    {
      "key": "csp_搜搜",
      "name": "🦊搜狐",
      "type": 1,
      "playerType": 2,
      "api": "http://tvbox-1-g5221611.deta.app/vod/sohu",
      "searchable": 1,
      "quickSearch": 1,
      "filterable": 1
    },
    {
      "key": "csp_360",
      "name": "🍳360",
      "type": 1,
      "playerType": 2,
      "api": "http://tvbox.top/360.php",
      "searchable": 1,
      "quickSearch": 1,
      "filterable": 1
    },
    {
      "key": "影视王朝",
      "name": "🦄王朝",
      "type": 3,
      "api": "csp_Yswc",
      "searchable": 1,
      "quickSearch": 1,
      "filterable": 0,
      "ext": "",
      "jar": "./lib/fix0804.jar;md5;f71431362b88ce020d9854eb9166841b"
    },
    {
      "key": "T4_玩偶哥哥",
      "name": "👽玩偶哥哥",
      "type": 4,
      "searchable": 1,
      "changeable": 1,
      "playerType": 1,
      "api": "http://home.jundie.top:9520/spider/csp_Wogg?sort=原画,蓝光,超清,高清&token=342a28053dd54cf2b0246c6b33c74013"
    },
    {
      "key": "T4_荐片",
      "name": "👽荐片",
      "type": 4,
      "searchable": 1,
      "changeable": 1,
      "playerType": 1,
      "api": "http://home.jundie.top:9520/spider/csp_JP"
    },
    {
      "key": "365",
      "name": "🔢365",
      "type": 3,
      "api": "csp_AppYsV2",
      "ext": "http://guan.yy365.vip/api.php/app/"
    },
    {
      "key": "迷你库",
      "name": "🐹迷你",
      "type": 3,
      "api": "csp_AppYsV2",
      "ext": "http://www.miniku.cc/xgapp.php/v1/"
    },
    {
      "key": "南瓜",
      "name": "🎃南瓜",
      "type": 3,
      "api": "./lib/drpy2.min.js",
      "ext": "./lib/南瓜.js"
    },
    {
      "key": "腾讯",
      "name": "🐧腾讯┃视频",
      "type": 3,
      "api": "./lib/drpy2.min.js",
      "ext": "./lib/腾讯.js"
    },
    {
      "key": "爱奇艺",
      "name": "💜奇艺┃视频",
      "type": 3,
      "api": "./lib/drpy2.min.js",
      "ext": "./lib/奇异.js"
    },
    {
      "key": "优酷",
      "name": "🆒优酷",
      "type": 3,
      "api": "./lib/drpy2.min.js",
      "ext": "./lib/优酷.js"
    },
    {
      "key": "360",
      "name": "🍳360",
      "type": 3,
      "api": "./lib/drpy2.min.js",
      "ext": "./lib/360影视.js"
    },
    {
      "key": "搜狗",
      "name": "🐶搜狗┃视频",
      "type": 3,
      "api": "./lib/drpy2.min.js",
      "ext": "./lib/搜狗.js"
    },
    {
      "key": "芒果",
      "name": "🍋芒果┃影视",
      "type": 3,
      "api": "./lib/drpy2.min.js",
      "ext": "./lib/芒果.js"
    },
    {
      "key": "荐片",
      "name": "🔪荐片",
      "type": 3,
      "playerType": 1,
      "api": "./lib/drpy2.min.js",
      "ext": "./lib/荐片.js"
    },
    {
      "key": "wnvod",
      "name": "🎦万能",
      "type": 3,
      "api": "csp_XPath",
      "searchable": 1,
      "quickSearch": 1,
      "filterable": 0,
      "ext": "./lib/万能影视.json"
    },
    {
      "key": "drpy_喜马拉雅",
      "name": "🎧喜马",
      "type": 3,
      "api": "./lib/drpy2.min.js",
      "ext": "./lib/喜马拉雅.js"
    },
    {
      "key": "Yj1211",
      "name": "📽直播",
      "type": 3,
      "api": "csp_Yj1211",
      "searchable": 0,
      "quickSearch": 0,
      "filterable": 0
    },
    {
      "key": "爱迪",
      "name": "💡爱迪┃外剧",
      "type": 3,
      "api": "csp_AppYsV2",
      "ext": "https://aidiapp.xyz/xgapp.php/v2/"
    },
    {
      "key": "低端",
      "name": "🔅低端┃影视",
      "type": 3,
      "api": "./lib/drpy2.min.js",
      "playerType": 2,
      "ext": "./lib/低端.js"
    },
    {
      "key": "Libo",
      "name": "👶Libo┃影视",
      "type": 3,
      "api": "./lib/drpy2.min.js",
      "ext": "./lib/libvio.js"
    },
    {
      "key": "子子",
      "name": "👼子子┃影视",
      "type": 3,
      "api": "./lib/drpy2.min.js",
      "ext": "./lib/子子影视.js"
    },
    {
      "key": "两个bt",
      "name": "💰两个┃鼻涕",
      "type": 3,
      "api": "./lib/drpy2.min.js",
      "ext": "./lib/两个bt.js"
    },
    {
      "key": "csp_XYQHiker_‍dyx",
      "name": "👽电影港",
      "type": 3,
      "playerType": 3,
      "api": "csp_XYQHiker",
      "searchable": 1,
      "quickSearch": 1,
      "filterable": 1,
      "ext": "./lib/电影港.json"
    },
    {
      "key": "6V",
      "name": "👽6v",
      "type": 3,
      "api": "csp_XYQHiker",
      "playerType": 2,
      "ext": "./lib/6v.json"
    },
    {
      "key": "csp_SeedHub",
      "name": "👽Hub",
      "type": 3,
      "api": "csp_SeedHub",
      "playerType": 1,
      "searchable": 1,
      "quickSearch": 1,
      "filterable": 1,
      "jar": "./lib/83.jar"
    },
    {
      "key": "csp_MeijuMi",
      "name": "👽美剧迷",
      "type": 3,
      "api": "csp_MeijuMi",
      "playerType": 1,
      "searchable": 1,
      "quickSearch": 1,
      "filterable": 1,
      "jar": "./lib/83.jar"
    },
    {
      "key": "csp_BLSGod",
      "name": "👽80S",
      "type": 3,
      "api": "csp_BLSGod",
      "playerType": 1,
      "searchable": 1,
      "quickSearch": 1,
      "filterable": 1
    },
    {
      "key": "csp_Xunlei8",
      "name": "👽迅雷",
      "type": 3,
      "api": "csp_Xunlei8",
      "playerType": 1,
      "searchable": 1,
      "quickSearch": 1,
      "filterable": 1,
      "jar": "./lib/83.jar"
    },
    {
      "key": "csp_XYQHikerAL_4KHDR",
      "name": "👽4KHDR",
      "type": 3,
      "api": "csp_XYQHikerAL",
      "playerType": 1,
      "searchable": 0,
      "quickSearch": 0,
      "filterable": 1,
      "ext": "./lib/4K.json",
      "jar": "./lib/83.jar"
    },
    {
      "key": "csp_XYQHiker_极影网",
      "name": "👽极影",
      "type": 3,
      "api": "csp_XYQHiker",
      "searchable": 1,
      "quickSearch": 1,
      "filterable": 1,
      "ext": "./lib/极影.json",
      "jar": "./lib/83.jar"
    },
    {
      "key": "drpy_js_新片场",
      "name": "🆕新片",
      "type": 3,
      "api": "./lib/drpy2.min.js",
      "ext": "./lib/新片场.js"
    },
    {
      "key": "drpy_js_达达龟",
      "name": "🐢达龟",
      "type": 3,
      "api": "./lib/drpy2.min.js",
      "ext": "./lib/达达龟.js"
    },
    {
      "key": "drpy_js_看看剧[V2]",
      "name": "👁️看看",
      "type": 3,
      "api": "./lib/drpy2.min.js",
      "ext": "./lib/看看电影.js"
    },
    {
      "key": "童趣",
      "name": "🍭 | 童趣",
      "type": 3,
      "api": "./lib/drpy2.min.js",
      "ext": "./lib/童趣.js"
    },
    {
      "key": "drpy_js_8号影院",
      "name": "8️⃣8号",
      "type": 3,
      "api": "./lib/drpy2.min.js",
      "ext": "./lib/8号影院.js"
    },
    {
      "key": "drpy_js_B站影视",
      "name": "🅱️B站",
      "type": 3,
      "api": "./lib/drpy2.min.js",
      "ext": "./lib/b站影视.js"
    },
    {
      "key": "drpy_js_六度TV",
      "name": "6️⃣六度",
      "type": 3,
      "api": "./lib/drpy2.min.js",
      "ext": "./lib/六度.js"
    },
    {
      "key": "csp_AppYsV2_光影猫",
      "name": "🆙光影猫",
      "type": 3,
      "api": "csp_AppYsV2",
      "searchable": 1,
      "quickSearch": 1,
      "filterable": 1,
      "ext": "http://gymcms.xn--654a.cc/api.php/app/"
    },
    {
      "key": "drpy_js_两个BT",
      "name": "👨🏻‍🤝‍👨🏿BT",
      "type": 3,
      "api": "./lib/drpy2.min.js",
      "ext": "./lib/两个BT.js"
    },
    {
      "key": "drpy_js_555电影[V2]",
      "name": "5️⃣555",
      "type": 3,
      "api": "./lib/drpy2.min.js",
      "ext": "./lib/555影视.js"
    },
    {
      "key": "drpy_js_69美剧[V2]",
      "name": "9️⃣69",
      "type": 3,
      "api": "./lib/drpy2.min.js",
      "ext": "./lib/69美剧.js"
    },
    {
      "key": "drpy_js_UM电影[V2]",
      "name": "🇺🇲UM",
      "type": 3,
      "api": "./lib/drpy2.min.js",
      "ext": "./lib/um.js"
    },
    {
      "key": "drpy_js_咕噜[V2]",
      "name": "👾咕噜",
      "type": 3,
      "api": "./lib/drpy2.min.js",
      "ext": "./lib/咕噜.js"
    },
    {
      "key": "drpy_js_花猪影视[V2]",
      "name": "🐷花猪",
      "type": 3,
      "api": "./lib/drpy2.min.js",
      "ext": "./lib/花猪.js"
    },
    {
      "key": "drpy_js_萌蛋蛋[V2]",
      "name": " 🥚萌蛋",
      "type": 3,
      "api": "./lib/drpy2.min.js",
      "ext": "./lib/萌蛋蛋.js"
    },
    {
      "key": "drpy_js_速看100[V2]",
      "name": "⏫速看",
      "type": 3,
      "api": "./lib/drpy2.min.js",
      "ext": "./lib/速看.js"
    },
    {
      "key": "drpy_js_鸭鸭[V2]",
      "name": "🦆鸭鸭",
      "type": 3,
      "api": "./lib/drpy2.min.js",
      "ext": "./lib/鸭鸭.js"
    },
    {
      "key": "俊俊",
      "name": "🌀瑞丰",
      "type": 3,
      "api": "csp_AppYsV2",
      "searchable": 1,
      "quickSearch": 1,
      "filterable": 1,
      "changeable": 0,
      "ext": "http://app.zhaifutvapp.com/ruifenglb_api.php/v1.vod"
    },
    {
      "key": "apv2_速看100",
      "name": "🚤速看",
      "type": 3,
      "api": "csp_AppYsV2",
      "searchable": 1,
      "changeable": 1,
      "ext": "https://sk100.tv/api.php/app/"
    },
    {
      "key": "zycj_天天",
      "name": "📅天天",
      "type": 1,
      "searchable": 1,
      "changeable": 1,
      "api": "https://api.1080zyku.com/inc/apijson.php",
      "playUrl": "",
      "categories": [
        "国产剧",
        "国产动漫",
        "韩国剧",
        "欧美剧",
        "大陆综艺"
      ]
    },
    {
      "key": "apv2_旧欢如梦",
      "name": "🕊旧梦",
      "type": 3,
      "api": "csp_AppYsV2",
      "ext": "http://43.139.139.17:4433/api.php/app/"
    },
    {
      "key": "csp_哔哩全集",
      "name": "🐞哔哩",
      "type": 3,
      "api": "csp_Bili",
      "searchable": 1,
      "quickSearch": 0,
      "filterable": 1,
      "ext": "./lib/bili.json"
    },
    {
      "key": "cjzy_快看",
      "name": "🚀快看",
      "type": 1,
      "api": "https://kuaikan-api.com/api.php/provide/vod/from/kuaikan/",
      "playUrl": "https://dm.xbqgx.com/?url=",
      "changeable": 1,
      "playerType": 2,
      "categories": [
        "国产剧",
        "港台剧",
        "国产动漫",
        "日韩剧",
        "欧美剧",
        "海外剧",
        "动作片",
        "爱情片",
        "剧情片",
        "科幻片",
        "奇幻片",
        "战争片",
        "犯罪片",
        "恐怖片",
        "悬疑片",
        "惊悚片",
        "冒险片"
      ]
    },
    {
      "key": "drpy_乐猪",
      "name": "🐷乐猪",
      "type": 3,
      "changeable": 1,
      "playerType": 2,
      "api": "./lib/drpy2.min.js",
      "ext": "./lib/1689201363.json"
    },
    {
      "key": "搜狐资源",
      "name": "🦊搜狐",
      "type": 1,
      "api": "http://playersll.gaoxin155.com.cn/api.php/provide/vod/from/sohu/?at/xml/",
      "playUrl": "https://jx.xmflv.com/?url=",
      "searchable": 1,
      "quickSearch": 1,
      "filterable": 1,
      "categories": [
        "国产剧",
        "韩国剧",
        "香港剧",
        "台湾剧",
        "欧美剧",
        "动作片",
        "科幻片",
        "战争片",
        "奇幻片",
        "喜剧片",
        "爱情片",
        "恐怖片",
        "犯罪片",
        "悬疑片",
        "惊悚片",
        "剧情片",
        "冒险片",
        "记录片",
        "综艺",
        "动漫"
      ]
    },
    {
      "key": "MV_vod",
      "name": "音乐视频丨接口",
      "type": 1,
      "api": "https://mv.wogg.link/mv/vod",
      "searchable": 1,
      "quickSearch": 1,
      "filterable": 1
    },
    {
      "key": "drpy_酷奇",
      "name": "📺MV",
      "type": 3,
      "searchable": 0,
      "api": "./lib/drpy.min.js",
      "ext": "./lib/酷奇MV.js"
    },
    {
      "key": "drpy_A8音乐",
      "name": "📽MV",
      "type": 3,
      "searchable": 0,
      "api": "./lib/drpy2.min.js",
      "ext": "./lib/A8音乐.js"
    },
    {
      "key": "歌手_MV",
      "name": "⏭MV",
      "type": 1,
      "api": "https://tvbox-mv--leosam2048.repl.co/mv/vod",
      "searchable": 0
    },
    {
      "key": "csp_非凡资源",
      "name": "🆕非凡",
      "type": 1,
      "api": "http://cj.ffzyapi.com/api.php/provide/vod/",
      "playurl": "https://tvmvip.com/lz2.php?url=",
      "searchable": 1,
      "quickSearch": 1,
      "filterable": 1,
      "categories": [
        "动作片",
        "喜剧片",
        "科幻片",
        "恐怖片",
        "爱情片",
        "剧情片",
        "战争片",
        "记录片",
        "国产剧",
        "欧美剧",
        "香港剧",
        "韩国剧",
        "台湾剧",
        "日本剧",
        "海外剧",
        "泰国剧",
        "国产动漫",
        "日韩动漫",
        "欧美动漫",
        "港台动漫",
        "海外动漫",
        "大陆综艺",
        "港台综艺",
        "日韩综艺",
        "欧美综艺"
      ]
    },
    {
      "key": "量子资源",
      "name": "🔃量子",
      "type": 1,
      "api": "http://cj.lziapi.com/api.php/provide/vod/",
      "playurl": "json:https://tvmvip.com/lz2.php?url=",
      "searchable": 1,
      "quickSearch": 1,
      "filterable": 0,
      "categories": [
        "国产剧",
        "国产动漫",
        "泰国剧",
        "台湾剧",
        "香港剧",
        "欧美剧",
        "韩国剧",
        "日本剧",
        "动漫",
        "体育",
        "剧情片",
        "动作片",
        "爱情片",
        "喜剧片"
      ]
    },
    {
      "key": "csp_xml_天空",
      "name": "🌞天空",
      "type": 1,
      "api": "https://m3u8.tiankongapi.com/api.php/provide/vod/from/tkm3u8/?ac=list",
      "searchable": 1,
      "quickSearch": 1,
      "filterable": 1,
      "playerType": 2,
      "categories": [
        "动作片",
        "喜剧片",
        "科幻片",
        "恐怖片",
        "爱情片",
        "剧情片",
        "战争片",
        "纪录片",
        "国产剧",
        "欧美剧",
        "犯罪片",
        "香港剧",
        "韩国剧",
        "台湾剧",
        "日剧",
        "海外剧",
        "其他片",
        "悬疑片",
        "奇幻片",
        "动画片",
        "国产动漫",
        "日本动漫",
        "欧美动漫",
        "港台动漫",
        "海外动漫",
        "大陆综艺",
        "港台综艺",
        "日韩综艺",
        "欧美综艺"
      ]
    },
    {
      "key": "csp_xml_暴风",
      "name": "🌊暴风",
      "type": 1,
      "api": "https://bfzyapi.com/api.php/provide/vod/?ac=list",
      "searchable": 1,
      "quickSearch": 1,
      "filterable": 1,
      "playerType": 2,
      "categories": [
        "动作片",
        "喜剧片",
        "科幻片",
        "恐怖片",
        "爱情片",
        "剧情片",
        "战争片",
        "纪录片",
        "国产剧",
        "欧美剧",
        "犯罪片",
        "香港剧",
        "韩国剧",
        "台湾剧",
        "日本剧",
        "海外剧",
        "其他片",
        "悬疑片",
        "奇幻片",
        "动画片",
        "国产动漫",
        "日韩动漫",
        "欧美动漫",
        "港台动漫",
        "海外动漫",
        "大陆综艺",
        "港台综艺",
        "日韩综艺",
        "欧美综艺"
      ]
    },
    {
      "key": "csp_xml_红牛",
      "name": "🐮红牛",
      "type": 1,
      "api": "https://www.hongniuzy2.com/api.php/provide/vod/",
      "searchable": 1,
      "quickSearch": 1,
      "filterable": 1,
      "playerType": 2,
      "categories": [
        "动作片",
        "喜剧片",
        "科幻片",
        "恐怖片",
        "爱情片",
        "剧情片",
        "战争片",
        "纪录片",
        "动漫电影",
        "国产剧",
        "欧美剧",
        "犯罪片",
        "港澳剧",
        "韩剧",
        "泰剧",
        "台湾剧",
        "日剧",
        "海外剧",
        "其他片",
        "悬疑片",
        "奇幻片",
        "动画片",
        "体育赛事",
        "国产动漫",
        "日本动漫",
        "欧美动漫",
        "港台动漫",
        "海外动漫",
        "大陆综艺",
        "港台综艺",
        "日韩综艺",
        "欧美综艺"
      ]
    },
    {
      "key": "csp_xml_无尽",
      "name": "🈚无尽",
      "type": 1,
      "api": "https://api.wujinapi.me/api.php/provide/vod/?ac=list",
      "searchable": 1,
      "quickSearch": 1,
      "filterable": 1,
      "playerType": 2,
      "categories": [
        "动作片",
        "喜剧片",
        "科幻片",
        "恐怖片",
        "爱情片",
        "剧情片",
        "战争片",
        "纪录片",
        "邵氏电影",
        "国产剧",
        "欧美剧",
        "犯罪片",
        "香港剧",
        "韩国剧",
        "台湾剧",
        "日本剧",
        "海外剧",
        "其他片",
        "悬疑片",
        "奇幻片",
        "动画片",
        "国产动漫",
        "日本动漫",
        "欧美动漫",
        "港台动漫",
        "海外动漫",
        "大陆综艺",
        "港台综艺",
        "日韩综艺",
        "欧美综艺"
      ]
    },
    {
      "key": "csp_xml_光速",
      "name": "🌕光速",
      "type": 1,
      "api": "https://api.guangsuapi.com/api.php/provide/vod/from/gsm3u8/",
      "searchable": 1,
      "quickSearch": 1,
      "filterable": 1,
      "playerType": 2,
      "categories": [
        "动作片",
        "喜剧片",
        "科幻片",
        "恐怖片",
        "爱情片",
        "剧情片",
        "战争片",
        "记录片",
        "动漫电影",
        "大陆剧",
        "欧美剧",
        "港澳剧",
        "韩剧",
        "台湾剧",
        "日剧",
        "海外剧",
        "泰剧",
        "体育赛事",
        "国产动漫",
        "日韩动漫",
        "欧美动漫",
        "港台动漫",
        "海外动漫",
        "大陆综艺",
        "港台综艺",
        "日韩综艺",
        "欧美综艺"
      ]
    },
    {
      "key": "csp_xml_飞速",
      "name": "🚁飞速",
      "type": 1,
      "api": "https://www.feisuzyapi.com/api.php/provide/vod/?ac=list",
      "searchable": 1,
      "quickSearch": 1,
      "filterable": 1,
      "playerType": 2,
      "categories": [
        "动作片",
        "喜剧片",
        "科幻片",
        "恐怖片",
        "爱情片",
        "剧情片",
        "战争片",
        "纪录片",
        "动画片",
        "其他片",
        "国产剧",
        "欧美剧",
        "香港剧",
        "韩国剧",
        "台湾剧",
        "日本剧",
        "海外剧",
        "泰国剧",
        "其他剧",
        "体育赛事",
        "国产动漫",
        "日韩动漫",
        "欧美动漫",
        "港台动漫",
        "海外动漫",
        "大陆综艺",
        "港台综艺",
        "日韩综艺",
        "欧美综艺"
      ]
    },
    {
      "key": "csp_xml_优质",
      "name": "🗿优质",
      "type": 1,
      "api": "https://api.1080zyku.com/inc/api_mac10.php?ac=list",
      "searchable": 1,
      "quickSearch": 1,
      "filterable": 1,
      "playerType": 2,
      "categories": [
        "动作片",
        "喜剧片",
        "科幻片",
        "恐怖片",
        "爱情片",
        "剧情片",
        "战争片",
        "记录片",
        "动画片",
        "国产剧",
        "欧美剧",
        "香港剧",
        "韩国剧",
        "台湾剧",
        "日本剧",
        "海外剧",
        "泰国剧",
        "国产动漫",
        "日韩动漫",
        "欧美动漫",
        "港台动漫",
        "海外动漫",
        "大陆综艺",
        "港台综艺",
        "日韩综艺",
        "欧美综艺"
      ]
    },
    {
      "key": "csp_xml_新浪",
      "name": "🐺新浪",
      "type": 1,
      "api": "https://api.xinlangapi.com/xinlangapi.php/provide/vod/",
      "searchable": 1,
      "quickSearch": 1,
      "filterable": 1,
      "playerType": 2,
      "categories": [
        "动作片",
        "喜剧片",
        "科幻片",
        "恐怖片",
        "爱情片",
        "剧情片",
        "战争片",
        "纪录片",
        "动漫电影",
        "大陆剧",
        "欧美剧",
        "港澳剧",
        "韩剧",
        "台湾剧",
        "日剧",
        "海外剧",
        "泰剧",
        "体育",
        "国产动漫",
        "日韩动漫",
        "欧美动漫",
        "港台动漫",
        "海外动漫",
        "大陆综艺",
        "港台综艺",
        "日韩综艺",
        "欧美综艺"
      ]
    },
    {
      "key": "淘片资源",
      "name": "🐁淘片",
      "type": 1,
      "api": "https://taopianapi.com/cjapi/mc/vod/json.html",
      "searchable": 1,
      "quickSearch": 1
    },
    {
      "key": "卧龙资源",
      "name": "🐉卧龙",
      "type": 1,
      "api": "https://collect.wolongzyw.com/api.php/provide/vod/",
      "searchable": 1,
      "quickSearch": 1,
      "filterable": 1,
      "playUrl": "",
      "playerType": 2,
      "categories": [
        "动作片",
        "喜剧片",
        "科幻片",
        "恐怖片",
        "爱情片",
        "剧情片",
        "战争片",
        "记录片",
        "动画电影",
        "国产剧",
        "欧美剧",
        "犯罪片",
        "香港剧",
        "韩国剧",
        "泰剧",
        "台湾剧",
        "日剧",
        "海外剧",
        "其他片",
        "悬疑片",
        "奇幻片",
        "动画片",
        "体育赛事",
        "国产动漫",
        "日韩动漫",
        "欧美动漫",
        "港台动漫",
        "海外动漫",
        "大陆综艺",
        "港台综艺",
        "日韩综艺",
        "欧美综艺"
      ]
    },
    {
      "key": "csp_xml_百度",
      "name": "🆔百度",
      "type": 1,
      "api": "https://api.apibdzy.com/api.php/provide/vod/?ac=list",
      "searchable": 1,
      "quickSearch": 1,
      "filterable": 1,
      "playerType": 2,
      "categories": [
        "动作片",
        "喜剧片",
        "科幻片",
        "恐怖片",
        "爱情片",
        "剧情片",
        "战争片",
        "纪录片",
        "动画电影",
        "大陆剧",
        "欧美剧",
        "犯罪片",
        "港澳剧",
        "韩剧",
        "泰剧",
        "台湾剧",
        "日剧",
        "海外剧",
        "其他片",
        "悬疑片",
        "奇幻片",
        "动画片",
        "体育赛事",
        "国产动漫",
        "日韩动漫",
        "欧美动漫",
        "港台动漫",
        "海外动漫",
        "大陆综艺",
        "港台综艺",
        "日韩综艺",
        "欧美综艺"
      ]
    },
    {
      "key": "csp_xml_闪电资源",
      "name": "🌩闪电",
      "type": 1,
      "api": "https://sdzyapi.com/api.php/provide/vod/?ac=list",
      "searchable": 1,
      "quickSearch": 1,
      "filterable": 1,
      "playUrl": "",
      "playerType": 2,
      "categories": [
        "动作片",
        "喜剧片",
        "科幻片",
        "恐怖片",
        "爱情片",
        "悬疑片",
        "剧情片",
        "战争片",
        "纪录片",
        "动画电影",
        "国产剧",
        "欧美剧",
        "犯罪片",
        "港剧",
        "韩剧",
        "泰剧",
        "台剧",
        "日剧",
        "海外剧",
        "其他片",
        "悬疑片",
        "奇幻片",
        "动画片",
        "体育赛事",
        "国产动漫",
        "日韩动漫",
        "欧美动漫",
        "港台动漫",
        "海外动漫",
        "大陆综艺",
        "港台综艺",
        "日韩综艺",
        "欧美综艺"
      ]
    },
    {
      "key": "csp_xml_鱼乐资源",
      "name": "🐳鱼乐",
      "type": 1,
      "api": "https://api.yulecj.com/api.php/provide/vod/?ac=list",
      "searchable": 1,
      "quickSearch": 1,
      "filterable": 1,
      "playUrl": "",
      "playerType": 2,
      "categories": [
        "动作片",
        "喜剧片",
        "科幻片",
        "恐怖片",
        "爱情片",
        "悬疑片",
        "剧情片",
        "战争片",
        "纪录片",
        "动画电影",
        "国产剧",
        "美国剧",
        "犯罪片",
        "香港剧",
        "韩国剧",
        "泰剧",
        "台湾剧",
        "日本剧",
        "海外剧",
        "其他剧",
        "悬疑片",
        "奇幻片",
        "动画片",
        "体育赛事",
        "国产动漫",
        "日韩动漫",
        "欧美动漫",
        "港台动漫",
        "海外动漫",
        "大陆综艺",
        "港台综艺",
        "日韩综艺",
        "欧美综艺"
      ]
    },
    {
      "key": "csp_xml_ckzy",
      "name": "🈁CK",
      "type": 1,
      "api": "https://ckzy.me/api.php/provide/vod/?ac=list",
      "searchable": 1,
      "quickSearch": 1,
      "filterable": 1,
      "playUrl": "",
      "playerType": 2,
      "categories": [
        "动作片",
        "喜剧片",
        "科幻片",
        "恐怖片",
        "爱情片",
        "悬疑片",
        "剧情片",
        "战争片",
        "记录片",
        "动画电影",
        "国产剧",
        "欧美剧",
        "犯罪片",
        "香港剧",
        "韩国剧",
        "泰剧",
        "港台剧",
        "日韩剧",
        "海外剧",
        "其他剧",
        "悬疑片",
        "奇幻片",
        "动画片",
        "体育赛事",
        "中国动漫",
        "日本动漫",
        "欧美动漫",
        "港台动漫",
        "海外动漫",
        "大陆综艺",
        "港台综艺",
        "日韩综艺",
        "欧美综艺"
      ]
    },
    {
      "key": "csp_xml_ikun",
      "name": "🆖ikun",
      "type": 1,
      "api": "https://ikunzyapi.com/api.php/provide/vod/from/ikm3u8/at/json",
      "searchable": 1,
      "playUrl": "https://www.ikdmjx.com/?url=",
      "quickSearch": 1,
      "filterable": 1,
      "playerType": 2,
      "categories": [
        "动作片",
        "喜剧片",
        "科幻片",
        "恐怖片",
        "爱情片",
        "剧情片",
        "战争片",
        "记录片",
        "国产剧",
        "欧美剧",
        "犯罪片",
        "惊悚片",
        "古装片",
        "灾难片",
        "历史片",
        "香港剧",
        "韩国剧",
        "台湾剧",
        "日本剧",
        "海外剧",
        "泰国剧",
        "其他片",
        "悬疑片",
        "奇幻片",
        "动画片",
        "国产动漫",
        "日韩动漫",
        "欧美动漫",
        "大陆综艺",
        "港台综艺",
        "日韩综艺",
        "欧美综艺"
      ]
    },
    {
      "key": "csp_WoGG",
      "name": "🔍玩偶4K",
      "type": 3,
      "api": "csp_WoGG",
      "searchable": 1,
      "quickSearch": 1,
      "filterable": 1,
      "ext": "http://127.0.0.1:9978/file/tvbox/token.txt",
      "jar": "./lib/f.jar"
    },
    {
      "key": "Gitcafe",
      "name": "🔍纸条",
      "type": "3",
      "api": "csp_Paper",
      "searchable": "1",
      "quickSearch": "1",
      "filterable": "1",
      "ext": "http://127.0.0.1:9978/file/tvbox/token.txt",
      "jar": "./lib/f.jar"
    },
    {
      "key": "Upso",
      "name": "🔍云搜",
      "type": "3",
      "api": "csp_UpYun",
      "searchable": "1",
      "quickSearch": "1",
      "filterable": "1",
      "ext": "http://127.0.0.1:9978/file/tvbox/token.txt",
      "jar": "./lib/f.jar"
    },
    {
      "key": "Zhaozy",
      "name": "🔍资源",
      "type": "3",
      "api": "csp_Zhaozy",
      "searchable": "1",
      "quickSearch": "1",
      "filterable": "1",
      "ext": "http://127.0.0.1:9978/file/tvbox/token.txt",
      "jar": "./lib/f.jar"
    },
    {
      "key": "YiSo",
      "name": "🔍易搜",
      "type": "3",
      "api": "csp_YiSo",
      "searchable": "1",
      "quickSearch": "1",
      "filterable": "1",
      "ext": "http://127.0.0.1:9978/file/tvbox/token.txt",
      "jar": "./lib/f.jar"
    },
    {
      "key": "AliPS",
      "name": "🔍盘搜",
      "type": "3",
      "api": "csp_PanSou",
      "searchable": "1",
      "quickSearch": "1",
      "filterable": "1",
      "ext": "http://127.0.0.1:9978/file/tvbox/token.txt",
      "jar": "./lib/f.jar"
    },
    {
      "key": "TuGou",
      "name": "🔍阿里狗",
      "type": 3,
      "api": "csp_TuGou",
      "searchable": 1,
      "quickSearch": 1,
      "changeable": 0,
      "ext": "http://127.0.0.1:9978/file/tvbox/token.txt",
      "jar": "./lib/f.jar"
    },
    {
      "key": "UpYun",
      "name": "🔍Up搜",
      "type": 3,
      "api": "csp_UpYun",
      "searchable": 1,
      "quickSearch": 1,
      "filterable": 0,
      "changeable": 0,
      "ext": "http://127.0.0.1:9978/file/tvbox/token.txt",
      "jar": "./lib/f.jar"
    },
    {
      "key": "push_agent",
      "name": "🆙手机┃推送",
      "type": 3,
      "api": "csp_PushAgent",
      "playerType": 1,
      "searchable": 0,
      "quickSearch": 0,
      "filterable": 0
    },
    {
      "key": "动漫巴士",
      "name": "🚕动漫┃巴士",
      "type": 3,
      "api": "csp_XBPQ",
      "ext": "http://smr.xzam.cn:66/XBPQ/巴士.json",
      "jar": "./lib/x.jar"
    },
    {
      "key": "维奇",
      "name": "💠维奇┃动漫",
      "type": 3,
      "api": "csp_XBPQ",
      "ext": "http://smr.xzam.cn:66/XBPQ/维奇.json",
      "jar": "./lib/x.jar"
    },
    {
      "key": "兔小贝",
      "name": "🐇兔兔┃小贝",
      "type": 3,
      "api": "csp_XYQHiker",
      "searchable": 0,
      "quickSearch": 0,
      "filterable": 0,
      "ext": "./lib/兔小贝.json"
    },
    {
      "key": "百科",
      "name": "🌏灯塔┃百科",
      "type": 3,
      "api": "csp_Bili",
      "searchable": 0,
      "quickSearch": 0,
      "changeable": 0,
      "ext": "http://smr.xzam.cn:66/json/小灯塔百科.json"
    },
    {
      "key": "科学",
      "name": "🌏灯塔┃科学",
      "type": 3,
      "api": "csp_Bili",
      "searchable": 0,
      "quickSearch": 0,
      "changeable": 0,
      "ext": "http://smr.xzam.cn:66/json/小灯塔科学.json"
    },
    {
      "key": "地理",
      "name": "🌏灯塔┃地理",
      "type": 3,
      "api": "csp_Bili",
      "searchable": 0,
      "quickSearch": 0,
      "changeable": 0,
      "ext": "http://smr.xzam.cn:66/json/小灯塔地理.json"
    },
    {
      "key": "国学",
      "name": "🌏灯塔┃国学",
      "type": 3,
      "api": "csp_Bili",
      "searchable": 0,
      "quickSearch": 0,
      "changeable": 0,
      "ext": "http://smr.xzam.cn:66/json/小灯塔国学.json"
    },
    {
      "key": "人文",
      "name": "🌏灯塔┃人文",
      "type": 3,
      "api": "csp_Bili",
      "searchable": 0,
      "quickSearch": 0,
      "changeable": 0,
      "ext": "http://smr.xzam.cn:66/json/小灯塔人文.json"
    },
    {
      "key": "yy",
      "name": "❌公众号",
      "type": 3,
      "api": "csp_yy",
      "searchable": 0,
      "quickSearch": 0,
      "filterable": 0
    },
    {
      "key": "xh1",
      "name": "❌玉玉软件",
      "type": 3,
      "api": "csp_xh",
      "searchable": 0,
      "quickSearch": 0,
      "filterable": 0
    }
  ],
  "parses": [
    {
      "name": "Json轮询",
      "type": 2,
      "url": "Sequence"
    },
    {
      "name": "Json并发",
      "type": 2,
      "url": "Parallel"
    },
    {
      "name": "超嗅探",
      "type": 3,
      "url": "Web"
    },
    {
      "name": "解析0",
      "type": 1,
      "url": "http://111.180.204.151:90/json/?url="
    },
    {
      "name": "解析0-",
      "type": 1,
      "url": "http://119.91.123.253:1234/Api/cs.php?url="
    },
    {
      "name": "al",
      "type": 1,
      "url": "http://www.d18.icu/api/?key=Ur3JoCvLzhWT0YaVYK&url="
    },
    {
      "name": "zh",
      "type": 1,
      "url": "https://dx.maclsj.com/blue/json.php?url="
    },
    {
      "name": "解析1",
      "type": 1,
      "url": "http://110.42.2.247:880/analysis/json/?uid=2449&my=acfgikquvzFGJRW459&url="
    },
    {
      "name": "解析1-",
      "type": 1,
      "url": "https://api.xn--kcr500a391b.cc/api/jiexi/common?Key=ej3wiesZW7XTa6ygDD&url="
    },
    {
      "name": "解析1--",
      "type": 1,
      "url": "http://110.42.2.247:880/analysis/json/?uid=2255&my=eknpqvADFHOPR02458&format=json&url="
    },
    {
      "name": "解析2",
      "type": 1,
      "url": "http://61.147.93.21:8090/index.php?url="
    },
    {
      "name": "解析3",
      "type": 1,
      "url": "http://27.124.4.42:4567/jhjson/ceshi.php?url="
    },
    {
      "name": "解析4",
      "type": 1,
      "url": "http://42.157.128.109:2323/CH/zy/Yumi.php?url="
    },
    {
      "name": "解析5",
      "type": 1,
      "url": "https://jx.255tv.tk/api/?key=S6kQHaE1gVEY5KAv8L&url="
    },
    {
      "name": "嗅探0",
      "type": 0,
      "url": "https://siguyy.cc/player/analysis.php?v="
    },
    {
      "name": "嗅探0-",
      "type": 0,
      "url": "https://p8.a8ys.xyz/player/lgec.php?code=a8ys&from=a8all&key=TYYXG98&pid=239412&psid=7&pnid=1&url="
    },
    {
      "name": "嗅探1",
      "type": 0,
      "url": "https://jx.jsonplayer.com/player/?url="
    },
    {
      "name": "嗅探2",
      "type": 0,
      "url": "https://jx.bozrc.com:4433/player/?url="
    },
    {
      "name": "嗅探3",
      "type": 0,
      "url": "https://jx.777jiexi.com/player/?url="
    },
    {
      "name": "嗅探4",
      "type": 0,
      "url": "https://jx.xmflv.com/?url="
    },
    {
      "name": "嗅探5",
      "type": 0,
      "url": "https://jx.m3u8.tv/jiexi/?url="
    }
  ],
  "flags": [
    "youku",
    "优酷",
    "优 酷",
    "优酷视频",
    "qq",
    "腾讯",
    "腾 讯",
    "腾讯视频",
    "iqiyi",
    "qiyi",
    "奇艺",
    "爱奇艺",
    "爱 奇 艺",
    "m1905",
    "xigua",
    "letv",
    "leshi",
    "乐视",
    "乐 视",
    "sohu",
    "搜狐",
    "搜 狐",
    "搜狐视频",
    "tudou",
    "pptv",
    "mgtv",
    "芒果",
    "imgo",
    "芒果TV",
    "芒 果 T V",
    "bilibili",
    "哔 哩",
    "哔 哩 哔 哩"
  ],
  "rules": [
    {
      "name": "量子",
      "hosts": [
        "vip.lz",
        "hd.lz"
      ],
      "regex": [
        "#EXT-X-DISCONTINUITY\\r*\\n*#EXTINF:6.433333,[\\s\\S]*?#EXT-X-DISCONTINUITY"
      ]
    },
    {
      "name": "非凡",
      "hosts": [
        "vip.ffzy",
        "hd.ffzy"
      ],
      "regex": [
        "#EXT-X-DISCONTINUITY\\r*\\n*#EXTINF:6.666667,[\\s\\S]*?#EXT-X-DISCONTINUITY"
      ]
    }
  ],
  "ijk": [
    {
      "group": "软解码",
      "options": [
        {
          "category": 4,
          "name": "opensles",
          "value": "0"
        },
        {
          "category": 4,
          "name": "overlay-format",
          "value": "842225234"
        },
        {
          "category": 4,
          "name": "framedrop",
          "value": "1"
        },
        {
          "category": 4,
          "name": "soundtouch",
          "value": "1"
        },
        {
          "category": 4,
          "name": "start-on-prepared",
          "value": "1"
        },
        {
          "category": 1,
          "name": "http-detect-range-support",
          "value": "0"
        },
        {
          "category": 1,
          "name": "fflags",
          "value": "fastseek"
        },
        {
          "category": 2,
          "name": "skip_loop_filter",
          "value": "48"
        },
        {
          "category": 4,
          "name": "reconnect",
          "value": "1"
        },
        {
          "category": 4,
          "name": "max-buffer-size",
          "value": "5242880"
        },
        {
          "category": 4,
          "name": "enable-accurate-seek",
          "value": "0"
        },
        {
          "category": 4,
          "name": "mediacodec",
          "value": "0"
        },
        {
          "category": 4,
          "name": "mediacodec-auto-rotate",
          "value": "0"
        },
        {
          "category": 4,
          "name": "mediacodec-handle-resolution-change",
          "value": "0"
        },
        {
          "category": 4,
          "name": "mediacodec-hevc",
          "value": "0"
        },
        {
          "category": 1,
          "name": "dns_cache_timeout",
          "value": "600000000"
        }
      ]
    },
    {
      "group": "硬解码",
      "options": [
        {
          "category": 4,
          "name": "opensles",
          "value": "0"
        },
        {
          "category": 4,
          "name": "overlay-format",
          "value": "842225234"
        },
        {
          "category": 4,
          "name": "framedrop",
          "value": "1"
        },
        {
          "category": 4,
          "name": "soundtouch",
          "value": "1"
        },
        {
          "category": 4,
          "name": "start-on-prepared",
          "value": "1"
        },
        {
          "category": 1,
          "name": "http-detect-range-support",
          "value": "0"
        },
        {
          "category": 1,
          "name": "fflags",
          "value": "fastseek"
        },
        {
          "category": 2,
          "name": "skip_loop_filter",
          "value": "48"
        },
        {
          "category": 4,
          "name": "reconnect",
          "value": "1"
        },
        {
          "category": 4,
          "name": "max-buffer-size",
          "value": "5242880"
        },
        {
          "category": 4,
          "name": "enable-accurate-seek",
          "value": "0"
        },
        {
          "category": 4,
          "name": "mediacodec",
          "value": "1"
        },
        {
          "category": 4,
          "name": "mediacodec-auto-rotate",
          "value": "1"
        },
        {
          "category": 4,
          "name": "mediacodec-handle-resolution-change",
          "value": "1"
        },
        {
          "category": 4,
          "name": "mediacodec-hevc",
          "value": "1"
        },
        {
          "category": 1,
          "name": "dns_cache_timeout",
          "value": "600000000"
        }
      ]
    }
  ],
  "doh": [
    {
      "name": "Google",
      "url": "https://dns.google/dns-query",
      "ips": [
        "8.8.4.4",
        "8.8.8.8"
      ]
    },
    {
      "name": "Cloudflare",
      "url": "https://cloudflare-dns.com/dns-query",
      "ips": [
        "1.1.1.1",
        "1.0.0.1",
        "2606:4700:4700::1111",
        "2606:4700:4700::1001"
      ]
    },
    {
      "name": "AdGuard",
      "url": "https://dns.adguard.com/dns-query",
      "ips": [
        "94.140.14.140",
        "94.140.14.141"
      ]
    },
    {
      "name": "DNSWatch",
      "url": "https://resolver2.dns.watch/dns-query",
      "ips": [
        "84.200.69.80",
        "84.200.70.40"
      ]
    },
    {
      "name": "Quad9",
      "url": "https://dns.quad9.net/dns-quer",
      "ips": [
        "9.9.9.9",
        "149.112.112.112"
      ]
    }
  ],
  "ads": [
    "wan.51img1.com",
    "iqiyi.hbuioo.com",
    "vip.ffzyad.com",
    "https://lf1-cdn-tos.bytegoofy.com/obj/tos-cn-i-dy/455ccf9e8ae744378118e4bd289288dd"
  ]
}